Rk,Player,Pos,Age,Date,Lg,Tm,,Opp,Result,G#,Week,Day,Cmp,Att,Cmp%,Yds,TD,Int,Rate,Sk,Yds,Y/A,AY/A
1,Lamar Jackson,QB,22.244,2019-09-08,NFL,BAL,@,MIA,W 59-10,1,1,Sun,17,20,85.00,324,5,0,158.3,1,1,16.20,21.20
2,Dak Prescott ,QB,26.041,2019-09-08,NFL,DAL,,NYG,W 35-17,1,1,Sun,25,32,78.13,405,4,0,158.3,0,0,12.66,15.16
3,Robert Griffin III,QB,29.208,2019-09-08,NFL,BAL,@,MIA,W 59-10,1,1,Sun,6,6,100.00,55,1,0,144.4,0,0,9.17,12.50
4,Patrick Mahomes ,QB,23.356,2019-09-08,NFL,KAN,@,JAX,W 40-26,1,1,Sun,25,33,75.76,378,3,0,143.2,0,0,11.45,13.27
5,Kirk Cousins ,QB,31.020,2019-09-08,NFL,MIN,,ATL,W 28-12,1,1,Sun,8,10,80.00,98,1,0,140.8,1,1,9.80,11.80
6,Russell Wilson ,QB,30.283,2019-09-08,NFL,SEA,,CIN,W 21-20,1,1,Sun,14,20,70.00,195,2,0,134.4,4,35,9.75,11.75
7,Marcus Mariota,QB,25.313,2019-09-08,NFL,TEN,@,CLE,W 43-13,1,1,Sun,14,24,58.33,248,3,0,133.3,4,32,10.33,12.83
8,Nick Foles,QB,30.231,2019-09-08,NFL,JAX,,KAN,L 26-40,1,1,Sun,5,8,62.50,75,1,0,132.8,0,0,9.38,11.88
9,Tom Brady ,QB,42.036,2019-09-08,NFL,NWE,,PIT,W 33-3,1,1,Sun,24,36,66.67,341,3,0,124.9,1,7,9.47,11.14
10,Gardner Minshew II,QB,23.115,2019-09-08,NFL,JAX,,KAN,L 26-40,1,1,Sun,22,25,88.00,275,2,1,122.5,1,3,11.00,10.80
11,Philip Rivers,QB,37.274,2019-09-08,NFL,LAC,,IND,W 30-24,1,1,Sun,25,34,73.53,333,3,1,121.3,4,23,9.79,10.24
12,Derek Carr,QB,28.165,2019-09-09,NFL,OAK,,DEN,W 24-16,1,1,Mon,22,26,84.62,259,1,0,121.0,0,0,9.96,10.73
13,Carson Wentz ,QB,26.252,2019-09-08,NFL,PHI,,WAS,W 32-27,1,1,Sun,28,39,71.79,313,3,0,121.0,1,0,8.03,9.56
14,Jacoby Brissett,QB,26.271,2019-09-08,NFL,IND,@,LAC,L 24-30,1,1,Sun,21,27,77.78,190,2,0,120.7,2,17,7.04,8.52
15,Julian Edelman,WR,33.109,2019-09-08,NFL,NWE,,PIT,W 33-3,1,1,Sun,1,1,100.00,32,0,0,118.7,0,0,32.00,32.00
16,Case Keenum,QB,31.203,2019-09-08,NFL,WAS,@,PHI,L 27-32,1,1,Sun,30,44,68.18,380,3,0,117.6,1,10,8.64,10.00
17,Deshaun Watson ,QB,23.360,2019-09-09,NFL,HOU,@,NOR,L 28-30,1,1,Mon,20,30,66.67,268,3,1,114.3,6,34,8.93,9.43
18,Matthew Stafford,QB,31.213,2019-09-08,NFL,DET,@,ARI,T 27-27,1,1,Sun,27,45,60.00,385,3,0,110.0,3,24,8.56,9.89
19,Andy Dalton,QB,31.314,2019-09-08,NFL,CIN,@,SEA,L 20-21,1,1,Sun,35,51,68.63,418,2,0,106.5,5,23,8.20,8.98
20,Drew Brees,QB,40.237,2019-09-09,NFL,NOR,,HOU,W 30-28,1,1,Mon,32,43,74.42,370,2,1,105.8,1,8,8.60,8.49
21,Joe Flacco,QB,34.236,2019-09-09,NFL,DEN,@,OAK,L 16-24,1,1,Mon,21,31,67.74,268,1,0,105.3,3,19,8.65,9.29
22,Eli Manning,QB,38.248,2019-09-08,NFL,NYG,@,DAL,L 17-35,1,1,Sun,30,44,68.18,306,1,0,95.5,1,4,6.95,7.41
23,Aaron Rodgers ,QB,35.277,2019-09-05,NFL,GNB,@,CHI,W 10-3,1,1,Thu,18,30,60.00,203,1,0,91.4,5,37,6.77,7.43
24,Matt Ryan,QB,34.114,2019-09-08,NFL,ATL,@,MIN,L 12-28,1,1,Sun,33,46,71.74,304,2,2,85.8,4,32,6.61,5.52
25,Sam Darnold ,QB,22.095,2019-09-08,NFL,NYJ,,BUF,L 16-17,1,1,Sun,28,41,68.29,175,1,0,84.9,4,20,4.27,4.76
26,Daniel Jones ,QB,22.104,2019-09-08,NFL,NYG,@,DAL,L 17-35,1,1,Sun,3,4,75.00,17,0,0,82.3,0,0,4.25,4.25
27,Jimmy Garoppolo,QB,27.310,2019-09-08,NFL,SFO,@,TAM,W 31-17,1,1,Sun,18,27,66.67,166,1,1,80.2,1,8,6.15,5.22
28,Kyler Murray ,QB,22.032,2019-09-08,NFL,ARI,,DET,T 27-27,1,1,Sun,29,54,53.70,308,2,1,75.2,5,33,5.70,5.61
29,Cam Newton,QB,30.120,2019-09-08,NFL,CAR,,LAR,L 27-30,1,1,Sun,25,38,65.79,239,0,1,72.1,3,23,6.29,5.11
30,Josh Allen ,QB,23.110,2019-09-08,NFL,BUF,@,NYJ,W 17-16,1,1,Sun,24,37,64.86,254,1,2,71.2,1,12,6.86,4.97
31,Jared Goff,QB,24.329,2019-09-08,NFL,LAR,@,CAR,W 30-27,1,1,Sun,23,39,58.97,186,1,1,69.0,1,3,4.77,4.13
32,Ryan Fitzpatrick,QB,36.288,2019-09-08,NFL,MIA,,BAL,L 10-59,1,1,Sun,14,29,48.28,185,1,1,66.0,2,5,6.38,5.52
33,Ben Roethlisberger,QB,37.190,2019-09-08,NFL,PIT,@,NWE,L 3-33,1,1,Sun,27,47,57.45,276,0,1,65.6,1,0,5.87,4.91
34,Baker Mayfield,QB,24.147,2019-09-08,NFL,CLE,,TEN,L 13-43,1,1,Sun,25,38,65.79,285,1,3,64.0,5,41,7.50,4.47
35,Mitchell Trubisky ,QB,25.016,2019-09-05,NFL,CHI,,GNB,L 3-10,1,1,Thu,26,45,57.78,228,0,1,62.1,5,20,5.07,4.07
36,Jameis Winston,QB,25.245,2019-09-08,NFL,TAM,,SFO,L 17-31,1,1,Sun,20,36,55.56,194,1,3,45.4,3,20,5.39,2.19
37,Matt Moore,QB,35.030,2019-09-08,NFL,KAN,@,JAX,W 40-26,1,1,Sun,0,1,0.00,0,0,0,39.6,0,0,0.00,0.00
38,Josh Rosen,QB,22.210,2019-09-08,NFL,MIA,,BAL,L 10-59,1,1,Sun,1,3,33.33,5,0,1,2.8,1,6,1.67,-13.33
1,Patrick Mahomes ,QB,23.363,2019-09-15,NFL,KAN,@,OAK,W 28-10,2,2,Sun,30,44,68.18,443,4,0,131.2,2,7,10.07,11.89
2,Jimmy Garoppolo,QB,27.317,2019-09-15,NFL,SFO,@,CIN,W 41-17,2,2,Sun,17,25,68.00,296,3,1,131.0,0,0,11.84,12.44
3,Russell Wilson ,QB,30.290,2019-09-15,NFL,SEA,@,PIT,W 28-26,2,2,Sun,29,35,82.86,300,3,0,131.0,4,26,8.57,10.29
4,Tom Brady ,QB,42.043,2019-09-15,NFL,NWE,@,MIA,W 43-0,2,2,Sun,20,28,71.43,264,2,0,124.7,2,9,9.43,10.86
5,Dak Prescott ,QB,26.048,2019-09-15,NFL,DAL,@,WAS,W 31-21,2,2,Sun,26,30,86.67,269,3,1,123.5,1,8,8.97,9.47
6,Dante Pettis,WR,23.327,2019-09-15,NFL,SFO,@,CIN,W 41-17,2,2,Sun,1,1,100.00,16,0,0,118.7,0,0,16.00,16.00
7,Jared Goff,QB,24.336,2019-09-15,NFL,LAR,,NOR,W 27-9,2,2,Sun,19,28,67.86,283,1,0,112.6,3,18,10.11,10.82
8,Lamar Jackson,QB,22.251,2019-09-15,NFL,BAL,,ARI,W 23-17,2,2,Sun,24,37,64.86,272,2,0,104.8,2,14,7.35,8.43
9,Case Keenum,QB,31.210,2019-09-15,NFL,WAS,,DAL,L 21-31,2,2,Sun,26,37,70.27,221,2,0,103.5,1,13,5.97,7.05
10,Jameis Winston,QB,25.249,2019-09-12,NFL,TAM,@,CAR,W 20-14,2,2,Thu,16,25,64.00,208,1,0,103.4,3,19,8.32,9.12
11,Aaron Rodgers ,QB,35.287,2019-09-15,NFL,GNB,,MIN,W 21-16,2,2,Sun,22,34,64.71,209,2,0,101.2,2,18,6.15,7.32
12,Josh Allen ,QB,23.117,2019-09-15,NFL,BUF,@,NYG,W 28-14,2,2,Sun,19,30,63.33,253,1,0,101.1,3,16,8.43,9.10
13,Luke Falk,QB,24.262,2019-09-16,NFL,NYJ,,CLE,L 3-23,2,2,Mon,20,25,80.00,198,0,0,99.7,2,15,7.92,7.92
14,Gardner Minshew II,QB,23.122,2019-09-15,NFL,JAX,@,HOU,L 12-13,2,2,Sun,23,33,69.70,213,1,0,97.2,4,35,6.45,7.06
15,Jacoby Brissett,QB,26.278,2019-09-15,NFL,IND,@,TEN,W 19-17,2,2,Sun,17,28,60.71,146,3,1,95.2,3,25,5.21,5.75
16,Marcus Mariota,QB,25.320,2019-09-15,NFL,TEN,,IND,L 17-19,2,2,Sun,19,28,67.86,154,1,0,93.5,4,35,5.50,6.21
17,Mason Rudolph,QB,24.060,2019-09-15,NFL,PIT,,SEA,L 26-28,2,2,Sun,12,19,63.16,112,2,1,92.4,0,0,5.89,5.63
18,Matthew Stafford,QB,31.220,2019-09-15,NFL,DET,,LAC,W 13-10,2,2,Sun,22,30,73.33,245,2,2,91.7,0,0,8.17,6.50
19,Andy Dalton,QB,31.321,2019-09-15,NFL,CIN,,SFO,L 17-41,2,2,Sun,26,42,61.90,311,2,1,90.5,4,20,7.40,7.29
20,Kyler Murray ,QB,22.039,2019-09-15,NFL,ARI,@,BAL,L 17-23,2,2,Sun,25,40,62.50,349,0,0,90.5,3,20,8.73,8.73
21,Baker Mayfield,QB,24.155,2019-09-16,NFL,CLE,@,NYJ,W 23-3,2,2,Mon,19,35,54.29,325,1,1,83.6,3,20,9.29,8.57
22,Joe Flacco,QB,34.242,2019-09-15,NFL,DEN,,CHI,L 14-16,2,2,Sun,35,50,70.00,292,1,1,83.1,2,10,5.84,5.34
23,Matt Ryan,QB,34.121,2019-09-15,NFL,ATL,,PHI,W 24-20,2,2,Sun,27,43,62.79,320,3,3,79.6,1,10,7.44,5.70
24,Philip Rivers,QB,37.281,2019-09-15,NFL,LAC,@,DET,L 10-13,2,2,Sun,21,36,58.33,293,0,1,73.0,1,6,8.14,6.89
25,Teddy Bridgewater,QB,26.309,2019-09-15,NFL,NOR,@,LAR,L 9-27,2,2,Sun,17,30,56.67,165,0,0,72.2,2,16,5.50,5.50
26,Josh McCown,QB,40.073,2019-09-15,NFL,PHI,@,ATL,L 20-24,2,2,Sun,3,5,60.00,24,0,0,72.1,0,0,4.80,4.80
27,Deshaun Watson ,QB,24.001,2019-09-15,NFL,HOU,,JAX,W 13-12,2,2,Sun,16,29,55.17,159,0,0,70.9,4,22,5.48,5.48
28,Cam Newton,QB,30.124,2019-09-12,NFL,CAR,,TAM,L 14-20,2,2,Thu,25,51,49.02,333,0,0,70.1,3,20,6.53,6.53
29,Mitchell Trubisky ,QB,25.026,2019-09-15,NFL,CHI,@,DEN,W 16-14,2,2,Sun,16,27,59.26,120,0,0,70.0,0,0,4.44,4.44
30,Ben Roethlisberger,QB,37.197,2019-09-15,NFL,PIT,,SEA,L 26-28,2,2,Sun,8,15,53.33,75,0,0,67.4,1,7,5.00,5.00
31,Eli Manning,QB,38.255,2019-09-15,NFL,NYG,,BUF,L 14-28,2,2,Sun,26,45,57.78,250,1,2,62.3,1,9,5.56,4.00
32,Carson Wentz ,QB,26.259,2019-09-15,NFL,PHI,@,ATL,L 20-24,2,2,Sun,25,43,58.14,231,1,2,61.3,3,18,5.37,3.74
33,Derek Carr,QB,28.171,2019-09-15,NFL,OAK,,KAN,L 10-28,2,2,Sun,23,38,60.53,198,1,2,61.1,3,20,5.21,3.37
34,Trevor Siemian ,QB,27.264,2019-09-16,NFL,NYJ,,CLE,L 3-23,2,2,Mon,3,6,50.00,3,0,0,56.2,2,17,0.50,0.50
35,Kirk Cousins ,QB,31.027,2019-09-15,NFL,MIN,@,GNB,L 16-21,2,2,Sun,14,32,43.75,230,1,2,52.9,1,7,7.19,5.00
36,Drew Brees,QB,40.243,2019-09-15,NFL,NOR,@,LAR,L 9-27,2,2,Sun,3,5,60.00,38,0,1,44.2,0,0,7.60,-1.40
37,Josh Rosen,QB,22.217,2019-09-15,NFL,MIA,,NWE,L 0-43,2,2,Sun,7,18,38.89,97,0,1,33.8,3,21,5.39,2.89
38,Ryan Fitzpatrick,QB,36.295,2019-09-15,NFL,MIA,,NWE,L 0-43,2,2,Sun,11,21,52.38,89,0,3,23.8,4,23,4.24,-2.19
1,Kyle Allen,QB,23.198,2019-09-22,NFL,CAR,@,ARI,W 38-20,3,3,Sun,19,26,73.08,261,4,0,144.4,2,21,10.04,13.12
2,Deshaun Watson ,QB,24.008,2019-09-22,NFL,HOU,@,LAC,W 27-20,3,3,Sun,25,34,73.53,351,3,0,135.8,2,14,10.32,12.09
3,Patrick Mahomes ,QB,24.005,2019-09-22,NFL,KAN,,BAL,W 33-28,3,3,Sun,27,37,72.97,374,3,0,132.0,1,11,10.11,11.73
4,Matt Ryan,QB,34.128,2019-09-22,NFL,ATL,@,IND,L 24-27,3,3,Sun,29,34,85.29,304,3,1,121.1,0,0,8.94,9.38
5,Ryan Fitzpatrick,QB,36.302,2019-09-22,NFL,MIA,@,DAL,L 6-31,3,3,Sun,2,2,100.00,29,0,0,118.7,0,0,14.50,14.50
6,Jacoby Brissett,QB,26.285,2019-09-22,NFL,IND,,ATL,W 27-24,3,3,Sun,28,37,75.68,310,2,0,118.1,1,10,8.38,9.46
7,Mitchell Trubisky ,QB,25.034,2019-09-23,NFL,CHI,@,WAS,W 31-15,3,3,Mon,25,31,80.65,231,3,1,116.5,3,23,7.45,7.94
8,Teddy Bridgewater,QB,26.316,2019-09-22,NFL,NOR,@,SEA,W 33-27,3,3,Sun,19,27,70.37,177,2,0,112.7,0,0,6.56,8.04
9,Daniel Jones ,QB,22.118,2019-09-22,NFL,NYG,@,TAM,W 32-31,3,3,Sun,23,36,63.89,336,2,0,112.7,5,24,9.33,10.44
10,Jameis Winston,QB,25.259,2019-09-22,NFL,TAM,,NYG,L 31-32,3,3,Sun,23,37,62.16,380,3,1,112.4,4,25,10.27,10.68
11,Kirk Cousins ,QB,31.034,2019-09-22,NFL,MIN,,OAK,W 34-14,3,3,Sun,15,21,71.43,174,1,0,112.0,0,0,8.29,9.24
12,Gardner Minshew II,QB,23.126,2019-09-19,NFL,JAX,,TEN,W 20-7,3,3,Thu,20,30,66.67,204,2,0,108.2,0,0,6.80,8.13
13,Tom Brady ,QB,42.050,2019-09-22,NFL,NWE,,NYJ,W 30-14,3,3,Sun,28,42,66.67,306,2,0,103.9,0,0,7.29,8.24
14,Derek Carr,QB,28.178,2019-09-22,NFL,OAK,@,MIN,L 14-34,3,3,Sun,27,34,79.41,242,2,1,103.7,4,28,7.12,6.97
15,Russell Wilson ,QB,30.297,2019-09-22,NFL,SEA,,NOR,L 27-33,3,3,Sun,32,50,64.00,406,2,0,102.6,0,0,8.12,8.92
16,Philip Rivers,QB,37.288,2019-09-22,NFL,LAC,,HOU,L 20-27,3,3,Sun,31,46,67.39,318,2,0,101.5,5,25,6.91,7.78
17,Aaron Rodgers ,QB,35.294,2019-09-22,NFL,GNB,,DEN,W 27-16,3,3,Sun,17,29,58.62,235,1,0,96.2,0,0,8.10,8.79
18,Carson Wentz ,QB,26.266,2019-09-22,NFL,PHI,,DET,L 24-27,3,3,Sun,19,36,52.78,259,2,0,94.6,3,13,7.19,8.31
19,Dak Prescott ,QB,26.055,2019-09-22,NFL,DAL,,MIA,W 31-6,3,3,Sun,19,32,59.38,246,2,1,91.4,1,5,7.69,7.53
20,Matthew Stafford,QB,31.227,2019-09-22,NFL,DET,@,PHI,W 27-24,3,3,Sun,18,32,56.25,201,1,0,85.5,0,0,6.28,6.91
21,Jimmy Garoppolo,QB,27.324,2019-09-22,NFL,SFO,,PIT,W 24-20,3,3,Sun,23,32,71.88,277,1,2,82.4,1,9,8.66,6.47
22,Marcus Mariota,QB,25.324,2019-09-19,NFL,TEN,@,JAX,L 7-20,3,3,Thu,23,40,57.50,304,0,0,81.7,9,55,7.60,7.60
23,Mason Rudolph,QB,24.067,2019-09-22,NFL,PIT,@,SFO,L 20-24,3,3,Sun,14,27,51.85,174,2,1,81.4,2,14,6.44,6.26
24,Josh Allen ,QB,23.124,2019-09-22,NFL,BUF,,CIN,W 21-17,3,3,Sun,23,36,63.89,243,1,1,81.1,1,2,6.75,6.06
25,Jared Goff,QB,24.343,2019-09-22,NFL,LAR,@,CLE,W 20-13,3,3,Sun,24,38,63.16,268,2,2,79.7,2,14,7.05,5.74
26,Case Keenum,QB,31.218,2019-09-23,NFL,WAS,,CHI,L 15-31,3,3,Mon,30,43,69.77,332,2,3,78.8,4,45,7.72,5.51
27,Joe Flacco,QB,34.249,2019-09-22,NFL,DEN,@,GNB,L 16-27,3,3,Sun,20,29,68.97,213,0,1,75.8,6,52,7.34,5.79
28,Kyler Murray ,QB,22.046,2019-09-22,NFL,ARI,,CAR,L 20-38,3,3,Sun,30,43,69.77,173,2,2,73.1,8,46,4.02,2.86
29,Lamar Jackson,QB,22.258,2019-09-22,NFL,BAL,@,KAN,L 28-33,3,3,Sun,22,43,51.16,267,0,0,70.6,3,18,6.21,6.21
30,Baker Mayfield,QB,24.161,2019-09-22,NFL,CLE,,LAR,L 13-20,3,3,Sun,18,36,50.00,195,1,1,64.0,3,20,5.42,4.72
31,Andy Dalton,QB,31.328,2019-09-22,NFL,CIN,@,BUF,L 17-21,3,3,Sun,20,36,55.56,250,1,2,63.4,2,10,6.94,5.00
32,Josh Rosen,QB,22.224,2019-09-22,NFL,MIA,@,DAL,L 6-31,3,3,Sun,18,39,46.15,200,0,0,61.9,3,18,5.13,5.13
33,Luke Falk,QB,24.268,2019-09-22,NFL,NYJ,@,NWE,L 14-30,3,3,Sun,12,22,54.55,98,0,1,47.2,5,29,4.45,2.41
34,Jarrett Stidham,QB,23.045,2019-09-22,NFL,NWE,,NYJ,W 30-14,3,3,Sun,2,3,66.67,14,0,1,37.5,1,7,4.67,-10.33
1,Philip Rivers,QB,37.295,2019-09-29,NFL,LAC,@,MIA,W 30-10,4,4,Sun,24,30,80.00,310,2,0,131.9,1,6,10.33,11.67
2,Marcus Mariota,QB,25.334,2019-09-29,NFL,TEN,@,ATL,W 24-10,4,4,Sun,18,27,66.67,227,3,0,129.7,0,0,8.41,10.63
3,Mason Rudolph,QB,24.075,2019-09-30,NFL,PIT,,CIN,W 27-3,4,4,Mon,24,28,85.71,229,2,0,124.6,0,0,8.18,9.61
4,Jameis Winston,QB,25.266,2019-09-29,NFL,TAM,@,LAR,W 55-40,4,4,Sun,28,41,68.29,385,4,1,120.5,2,9,9.39,10.24
5,Matthew Stafford,QB,31.234,2019-09-29,NFL,DET,,KAN,L 30-34,4,4,Sun,21,34,61.76,291,3,0,118.6,4,30,8.56,10.32
6,Russell Wilson ,QB,30.304,2019-09-29,NFL,SEA,@,ARI,W 27-10,4,4,Sun,22,28,78.57,240,1,0,114.3,4,15,8.57,9.29
7,Carson Wentz ,QB,26.270,2019-09-26,NFL,PHI,@,GNB,W 34-27,4,4,Thu,16,27,59.26,160,3,0,113.2,0,0,5.93,8.15
8,Jaylen Samuels,RB,23.072,2019-09-30,NFL,PIT,,CIN,W 27-3,4,4,Mon,3,3,100.00,31,0,0,109.7,0,0,10.33,10.33
9,Derek Carr,QB,28.185,2019-09-29,NFL,OAK,@,IND,W 31-24,4,4,Sun,21,31,67.74,189,2,0,105.4,1,0,6.10,7.39
10,Baker Mayfield,QB,24.168,2019-09-29,NFL,CLE,@,BAL,W 40-25,4,4,Sun,20,30,66.67,342,1,1,102.4,1,5,11.40,10.57
11,Chase Daniel,QB,32.357,2019-09-29,NFL,CHI,,MIN,W 16-6,4,4,Sun,22,30,73.33,195,1,0,101.4,1,7,6.50,7.17
12,Joe Flacco,QB,34.256,2019-09-29,NFL,DEN,,JAX,L 24-26,4,4,Sun,22,38,57.89,303,3,1,98.9,0,0,7.97,8.37
13,Gardner Minshew II,QB,23.136,2019-09-29,NFL,JAX,@,DEN,W 26-24,4,4,Sun,19,33,57.58,213,2,0,97.2,5,27,6.45,7.67
14,Lamar Jackson,QB,22.265,2019-09-29,NFL,BAL,,CLE,L 25-40,4,4,Sun,24,34,70.59,247,3,2,96.1,4,25,7.26,6.38
15,Tyrod Taylor ,QB,30.057,2019-09-29,NFL,LAC,@,MIA,W 30-10,4,4,Sun,1,1,100.00,7,0,0,95.8,0,0,7.00,7.00
16,Aaron Rodgers ,QB,35.298,2019-09-26,NFL,GNB,,PHI,L 27-34,4,4,Thu,34,53,64.15,422,2,1,93.4,1,8,7.96,7.87
17,Kirk Cousins ,QB,31.041,2019-09-29,NFL,MIN,@,CHI,L 6-16,4,4,Sun,27,36,75.00,233,0,0,91.6,6,51,6.47,6.47
18,Kyle Allen,QB,23.205,2019-09-29,NFL,CAR,@,HOU,W 16-10,4,4,Sun,24,34,70.59,232,0,0,89.3,3,29,6.82,6.82
19,Josh Rosen,QB,22.231,2019-09-29,NFL,MIA,,LAC,L 10-30,4,4,Sun,17,24,70.83,180,1,1,88.9,4,18,7.50,6.46
20,Matt Ryan,QB,34.135,2019-09-29,NFL,ATL,,TEN,L 10-24,4,4,Sun,35,53,66.04,397,0,0,88.3,5,33,7.49,7.49
21,Jacoby Brissett,QB,26.292,2019-09-29,NFL,IND,,OAK,L 24-31,4,4,Sun,24,46,52.17,265,3,1,82.2,0,0,5.76,6.09
22,Patrick Mahomes ,QB,24.012,2019-09-29,NFL,KAN,@,DET,W 34-30,4,4,Sun,24,42,57.14,315,0,0,81.0,0,0,7.50,7.50
23,Jared Goff,QB,24.350,2019-09-29,NFL,LAR,,TAM,L 40-55,4,4,Sun,45,68,66.18,517,2,3,80.3,2,27,7.60,6.21
24,Teddy Bridgewater,QB,26.323,2019-09-29,NFL,NOR,,DAL,W 12-10,4,4,Sun,23,30,76.67,193,0,1,78.9,5,44,6.43,4.93
25,Daniel Jones ,QB,22.125,2019-09-29,NFL,NYG,,WAS,W 24-3,4,4,Sun,23,31,74.19,225,1,2,78.0,0,0,7.26,5.00
26,Kyler Murray ,QB,22.053,2019-09-29,NFL,ARI,,SEA,L 10-27,4,4,Sun,22,32,68.75,241,0,1,77.7,4,35,7.53,6.13
27,Deshaun Watson ,QB,24.015,2019-09-29,NFL,HOU,,CAR,L 10-16,4,4,Sun,21,33,63.64,160,0,0,75.3,6,32,4.85,4.85
28,Dak Prescott ,QB,26.062,2019-09-29,NFL,DAL,@,NOR,L 10-12,4,4,Sun,22,33,66.67,223,0,1,73.2,1,11,6.76,5.39
29,Mitchell Trubisky ,QB,25.040,2019-09-29,NFL,CHI,,MIN,W 16-6,4,4,Sun,2,3,66.67,9,0,0,70.1,0,0,3.00,3.00
30,Andy Dalton,QB,31.336,2019-09-30,NFL,CIN,@,PIT,L 3-27,4,4,Mon,21,37,56.76,171,0,1,57.4,8,69,4.62,3.41
31,Matt Barkley,QB,29.021,2019-09-29,NFL,BUF,,NWE,L 10-16,4,4,Sun,9,16,56.25,127,0,1,56.0,1,9,7.94,5.13
32,Tom Brady ,QB,42.057,2019-09-29,NFL,NWE,@,BUF,W 16-10,4,4,Sun,18,39,46.15,150,0,1,45.9,0,0,3.85,2.69
33,Odell Beckham Jr.,WR,26.328,2019-09-29,NFL,CLE,@,BAL,W 40-25,4,4,Sun,0,1,0.00,0,0,0,39.6,0,0,0.00,0.00
34,Dwayne Haskins ,QB,22.149,2019-09-29,NFL,WAS,@,NYG,L 3-24,4,4,Sun,9,17,52.94,107,0,3,32.8,2,21,6.29,-1.65
35,Josh Allen ,QB,23.131,2019-09-29,NFL,BUF,,NWE,L 10-16,4,4,Sun,13,28,46.43,153,0,3,24.0,4,31,5.46,0.64
36,Case Keenum,QB,31.224,2019-09-29,NFL,WAS,@,NYG,L 3-24,4,4,Sun,6,11,54.55,37,0,1,23.7,1,2,3.36,-0.73
37,DeAndre Hopkins,WR,27.115,2019-09-29,NFL,HOU,,CAR,L 10-16,4,4,Sun,0,1,0.00,0,0,1,0.0,0,0,0.00,-45.00
1,Deshaun Watson ,QB,24.022,2019-10-06,NFL,HOU,,ATL,W 53-32,5,5,Sun,28,33,84.85,426,5,0,158.3,0,0,12.91,15.94
2,Russell Wilson ,QB,30.308,2019-10-03,NFL,SEA,,LAR,W 30-29,5,5,Thu,17,23,73.91,268,4,0,151.8,1,6,11.65,15.13
3,Kirk Cousins ,QB,31.048,2019-10-06,NFL,MIN,@,NYG,W 28-10,5,5,Sun,22,27,81.48,306,2,0,138.6,3,27,11.33,12.81
4,Teddy Bridgewater,QB,26.330,2019-10-06,NFL,NOR,,TAM,W 31-24,5,5,Sun,26,34,76.47,314,4,1,131.2,0,0,9.24,10.26
5,Odell Beckham Jr.,WR,26.336,2019-10-07,NFL,CLE,@,SFO,L 3-31,5,5,Mon,1,1,100.00,20,0,0,118.7,0,0,20.00,20.00
6,Taysom Hill,QB,29.044,2019-10-06,NFL,NOR,,TAM,W 31-24,5,5,Sun,1,1,100.00,18,0,0,118.7,0,0,18.00,18.00
7,Alvin Kamara,RB,24.073,2019-10-06,NFL,NOR,,TAM,W 31-24,5,5,Sun,1,1,100.00,13,0,0,118.7,0,0,13.00,13.00
8,Jimmy Garoppolo,QB,27.339,2019-10-07,NFL,SFO,,CLE,W 31-3,4,5,Mon,20,29,68.97,181,2,0,108.5,2,10,6.24,7.62
9,Andy Dalton,QB,31.342,2019-10-06,NFL,CIN,,ARI,L 23-26,5,5,Sun,27,38,71.05,262,2,0,107.6,1,0,6.89,7.95
10,Tom Brady ,QB,42.064,2019-10-06,NFL,NWE,@,WAS,W 33-7,5,5,Sun,28,42,66.67,348,3,1,106.1,4,36,8.29,8.64
11,Jameis Winston,QB,25.273,2019-10-06,NFL,TAM,@,NOR,L 24-31,5,5,Sun,15,27,55.56,204,2,0,104.6,6,46,7.56,9.04
12,Matt Ryan,QB,34.142,2019-10-06,NFL,ATL,@,HOU,L 32-53,5,5,Sun,32,46,69.57,330,3,1,102.6,2,14,7.17,7.50
13,Gardner Minshew II,QB,23.143,2019-10-06,NFL,JAX,@,CAR,L 27-34,5,5,Sun,26,44,59.09,374,2,0,101.9,2,16,8.50,9.41
14,Mason Rudolph,QB,24.081,2019-10-06,NFL,PIT,,BAL,L 23-26,5,5,Sun,13,20,65.00,131,1,0,100.2,1,11,6.55,7.55
15,Josh Allen ,QB,23.138,2019-10-06,NFL,BUF,@,TEN,W 14-7,5,5,Sun,23,32,71.88,219,2,1,98.3,4,15,6.84,6.69
16,Devlin Hodges ,QB,23.177,2019-10-06,NFL,PIT,,BAL,L 23-26,5,5,Sun,7,9,77.78,68,0,0,98.1,0,0,7.56,7.56
17,Derek Carr,QB,28.192,2019-10-06,NFL,OAK,,CHI,W 24-21,5,5,Sun,25,32,78.13,229,0,0,96.5,0,0,7.16,7.16
18,Joe Flacco,QB,34.263,2019-10-06,NFL,DEN,@,LAC,W 20-13,5,5,Sun,14,20,70.00,182,1,1,94.2,3,23,9.10,7.85
19,Patrick Mahomes ,QB,24.019,2019-10-06,NFL,KAN,,IND,L 13-19,5,5,Sun,22,39,56.41,321,1,0,91.9,4,33,8.23,8.74
20,Chase Daniel,QB,32.364,2019-10-06,NFL,CHI,@,OAK,L 21-24,5,5,Sun,22,30,73.33,231,2,2,89.7,4,37,7.70,6.03
21,Carson Wentz ,QB,26.280,2019-10-06,NFL,PHI,,NYJ,W 31-6,5,5,Sun,17,29,58.62,189,1,0,89.6,1,8,6.52,7.21
22,Kyler Murray ,QB,22.060,2019-10-06,NFL,ARI,@,CIN,W 26-23,5,5,Sun,20,32,62.50,253,0,0,87.1,1,5,7.91,7.91
23,Marcus Mariota,QB,25.341,2019-10-06,NFL,TEN,,BUF,L 7-14,5,5,Sun,13,22,59.09,183,0,0,86.0,5,33,8.32,8.32
24,Kyle Allen,QB,23.212,2019-10-06,NFL,CAR,,JAX,W 34-27,5,5,Sun,17,30,56.67,181,1,0,85.6,3,21,6.03,6.70
25,Aaron Rodgers ,QB,35.308,2019-10-06,NFL,GNB,@,DAL,W 34-24,5,5,Sun,22,34,64.71,238,0,0,85.2,2,23,7.00,7.00
26,Dak Prescott ,QB,26.069,2019-10-06,NFL,DAL,,GNB,L 24-34,5,5,Sun,27,44,61.36,463,2,3,83.8,3,22,10.52,8.36
27,Jared Goff,QB,24.354,2019-10-03,NFL,LAR,@,SEA,L 29-30,5,5,Thu,29,49,59.18,395,1,1,83.3,0,0,8.06,7.55
28,Daniel Jones ,QB,22.132,2019-10-06,NFL,NYG,,MIN,L 10-28,5,5,Sun,21,38,55.26,182,1,1,65.9,4,35,4.79,4.13
29,Jacoby Brissett,QB,26.299,2019-10-06,NFL,IND,@,KAN,W 19-13,5,5,Sun,18,29,62.07,151,0,1,61.1,0,0,5.21,3.66
30,Colt McCoy,QB,33.031,2019-10-06,NFL,WAS,,NWE,L 7-33,5,5,Sun,18,27,66.67,122,0,1,61.0,6,44,4.52,2.85
31,Philip Rivers,QB,37.302,2019-10-06,NFL,LAC,,DEN,L 13-20,5,5,Sun,32,48,66.67,211,0,2,58.6,0,0,4.40,2.52
32,Lamar Jackson,QB,22.272,2019-10-06,NFL,BAL,@,PIT,W 26-23,5,5,Sun,19,28,67.86,161,1,3,54.9,5,22,5.75,1.64
33,Garrett Gilbert,QB,28.098,2019-10-07,NFL,CLE,@,SFO,L 3-31,5,5,Mon,0,1,0.00,0,0,0,39.6,0,0,0.00,0.00
34,Christian McCaffrey ,RB,23.121,2019-10-06,NFL,CAR,,JAX,W 34-27,5,5,Sun,0,1,0.00,0,0,0,39.6,0,0,0.00,0.00
35,Jarrett Stidham,QB,23.059,2019-10-06,NFL,NWE,@,WAS,W 33-7,5,5,Sun,0,1,0.00,0,0,0,39.6,0,0,0.00,0.00
36,Luke Falk,QB,24.282,2019-10-06,NFL,NYJ,@,PHI,L 6-31,4,5,Sun,15,26,57.69,120,0,2,37.3,9,52,4.62,1.15
37,Jaylen Samuels,RB,23.078,2019-10-06,NFL,PIT,,BAL,L 23-26,5,5,Sun,1,2,50.00,4,0,1,16.7,0,0,2.00,-20.50
38,Baker Mayfield,QB,24.176,2019-10-07,NFL,CLE,@,SFO,L 3-31,5,5,Mon,8,22,36.36,100,0,2,13.4,4,42,4.55,0.45
1,Matt Ryan,QB,34.149,2019-10-13,NFL,ATL,@,ARI,L 33-34,6,6,Sun,30,36,83.33,356,4,0,144.9,2,15,9.89,12.11
2,Kirk Cousins ,QB,31.055,2019-10-13,NFL,MIN,,PHI,W 38-20,6,6,Sun,22,29,75.86,333,4,1,138.4,1,8,11.48,12.69
3,Kyler Murray ,QB,22.067,2019-10-13,NFL,ARI,,ATL,W 34-33,6,6,Sun,27,37,72.97,340,3,0,128.2,0,0,9.19,10.81
4,Russell Wilson ,QB,30.318,2019-10-13,NFL,SEA,@,CLE,W 32-28,6,6,Sun,23,33,69.70,295,2,0,117.6,3,11,8.94,10.15
5,Sam Darnold ,QB,22.130,2019-10-13,NFL,NYJ,,DAL,W 24-22,5,6,Sun,23,32,71.88,338,2,1,113.8,2,12,10.56,10.41
6,Ryan Fitzpatrick,QB,36.323,2019-10-13,NFL,MIA,,WAS,L 16-17,5,6,Sun,12,18,66.67,132,1,0,106.7,0,0,7.33,8.44
7,Kyle Allen,QB,23.219,2019-10-13,NFL,CAR,@,TAM,W 37-26,6,6,Sun,20,32,62.50,227,2,0,104.6,2,18,7.09,8.34
8,Case Keenum,QB,31.238,2019-10-13,NFL,WAS,@,MIA,W 17-16,6,6,Sun,13,25,52.00,166,2,0,99.7,0,0,6.64,8.24
9,Patrick Mahomes ,QB,24.026,2019-10-13,NFL,KAN,,HOU,L 24-31,6,6,Sun,19,35,54.29,273,3,1,96.5,1,17,7.80,8.23
10,Teddy Bridgewater,QB,26.337,2019-10-13,NFL,NOR,@,JAX,W 13-6,6,6,Sun,24,36,66.67,240,1,0,94.7,3,18,6.67,7.22
11,Carson Wentz ,QB,26.287,2019-10-13,NFL,PHI,@,MIN,L 20-38,6,6,Sun,26,40,65.00,306,2,1,94.4,2,14,7.65,7.53
12,Aaron Rodgers ,QB,35.316,2019-10-14,NFL,GNB,,DET,W 23-22,6,6,Mon,24,39,61.54,283,2,1,90.0,1,6,7.26,7.13
13,Dak Prescott ,QB,26.076,2019-10-13,NFL,DAL,@,NYJ,L 22-24,6,6,Sun,28,40,70.00,278,0,0,89.4,1,8,6.95,6.95
14,Tom Brady ,QB,42.068,2019-10-10,NFL,NWE,,NYG,W 35-14,6,6,Thu,31,41,75.61,334,0,1,88.9,3,21,8.15,7.05
15,Devlin Hodges ,QB,23.184,2019-10-13,NFL,PIT,@,LAC,W 24-17,6,6,Sun,15,20,75.00,132,1,1,87.9,0,0,6.60,5.35
16,Lamar Jackson,QB,22.279,2019-10-13,NFL,BAL,,CIN,W 23-17,6,6,Sun,21,33,63.64,236,0,0,84.9,1,8,7.15,7.15
17,Matthew Stafford,QB,31.249,2019-10-14,NFL,DET,@,GNB,L 22-23,5,6,Mon,18,32,56.25,265,0,0,83.5,3,22,8.28,8.28
18,Jimmy Garoppolo,QB,27.345,2019-10-13,NFL,SFO,@,LAR,W 20-7,5,6,Sun,24,33,72.73,243,0,1,80.7,2,11,7.36,6.00
19,Ryan Tannehill,QB,31.078,2019-10-13,NFL,TEN,@,DEN,L 0-16,6,6,Sun,13,16,81.25,144,0,1,78.1,4,35,9.00,6.19
20,Philip Rivers,QB,37.309,2019-10-13,NFL,LAC,,PIT,L 17-24,6,6,Sun,26,44,59.09,320,2,2,77.8,1,4,7.27,6.14
21,Deshaun Watson ,QB,24.029,2019-10-13,NFL,HOU,@,KAN,W 31-24,6,6,Sun,30,42,71.43,280,1,2,77.5,0,0,6.67,5.00
22,Joe Flacco,QB,34.270,2019-10-13,NFL,DEN,,TEN,W 16-0,6,6,Sun,18,28,64.29,177,0,1,67.1,1,10,6.32,4.71
23,Andy Dalton,QB,31.349,2019-10-13,NFL,CIN,@,BAL,L 17-23,6,6,Sun,21,39,53.85,235,0,1,61.4,2,18,6.03,4.87
24,Jared Goff,QB,24.364,2019-10-13,NFL,LAR,,SFO,L 7-20,6,6,Sun,13,24,54.17,78,0,0,60.8,4,30,3.25,3.25
25,Baker Mayfield,QB,24.182,2019-10-13,NFL,CLE,,SEA,L 28-32,6,6,Sun,22,37,59.46,249,1,3,54.9,0,0,6.73,3.62
26,Gardner Minshew II,QB,23.150,2019-10-13,NFL,JAX,,NOR,L 6-13,6,6,Sun,14,29,48.28,163,0,1,51.4,2,12,5.62,4.07
27,Jameis Winston,QB,25.280,2019-10-13,NFL,TAM,,CAR,L 26-37,6,6,Sun,30,54,55.56,400,1,5,46.8,7,35,7.41,3.61
28,Daniel Jones ,QB,22.136,2019-10-10,NFL,NYG,@,NWE,L 14-35,6,6,Thu,15,31,48.39,161,1,3,35.2,1,0,5.19,1.48
29,Josh Rosen,QB,22.245,2019-10-13,NFL,MIA,,WAS,L 16-17,5,6,Sun,15,25,60.00,85,0,2,32.9,5,30,3.40,-0.20
30,Marcus Mariota,QB,25.348,2019-10-13,NFL,TEN,@,DEN,L 0-16,6,6,Sun,7,18,38.89,63,0,2,9.5,3,7,3.50,-1.50
31,Jake Elliott,K,24.265,2019-10-13,NFL,PHI,@,MIN,L 20-38,6,6,Sun,0,1,0.00,0,0,1,0.0,0,0,0.00,-45.00
1,Aaron Rodgers ,QB,35.322,2019-10-20,NFL,GNB,,OAK,W 42-24,7,7,Sun,25,31,80.65,429,5,0,158.3,1,8,13.84,17.06
2,Matt Schaub,QB,38.117,2019-10-20,NFL,ATL,,LAR,L 10-37,7,7,Sun,6,6,100.00,65,1,0,151.4,0,0,10.83,14.17
3,Mike Glennon,QB,29.312,2019-10-20,NFL,OAK,@,GNB,L 24-42,6,7,Sun,2,3,66.67,36,1,0,147.2,0,0,12.00,18.67
4,Kirk Cousins ,QB,31.062,2019-10-20,NFL,MIN,@,DET,W 42-30,7,7,Sun,24,34,70.59,338,4,0,141.5,0,0,9.94,12.29
5,Jacoby Brissett,QB,26.313,2019-10-20,NFL,IND,,HOU,W 30-23,6,7,Sun,26,39,66.67,326,4,0,126.7,1,5,8.36,10.41
6,Patrick Mahomes ,QB,24.030,2019-10-17,NFL,KAN,@,DEN,W 30-6,7,7,Thu,10,11,90.91,76,1,0,125.8,0,0,6.91,8.73
7,Ryan Tannehill,QB,31.085,2019-10-20,NFL,TEN,,LAC,W 23-20,7,7,Sun,23,29,79.31,312,2,1,120.1,2,17,10.76,10.59
8,Derek Carr,QB,28.206,2019-10-20,NFL,OAK,@,GNB,L 24-42,6,7,Sun,22,28,78.57,293,2,1,119.2,0,0,10.46,10.29
9,Johnny Hekker,P,29.254,2019-10-20,NFL,LAR,@,ATL,W 37-10,7,7,Sun,1,1,100.00,23,0,0,118.7,0,0,23.00,23.00
10,Brett Kern,P,33.245,2019-10-20,NFL,TEN,,LAC,W 23-20,7,7,Sun,1,1,100.00,11,0,0,112.5,0,0,11.00,11.00
11,Matthew Stafford,QB,31.255,2019-10-20,NFL,DET,,MIN,L 30-42,6,7,Sun,30,45,66.67,364,4,1,111.7,2,12,8.09,8.87
12,Josh Allen ,QB,23.152,2019-10-20,NFL,BUF,,MIA,W 31-21,6,7,Sun,16,26,61.54,202,2,0,111.4,2,14,7.77,9.31
13,Philip Rivers,QB,37.316,2019-10-20,NFL,LAC,@,TEN,L 20-23,7,7,Sun,24,38,63.16,329,2,0,108.3,1,3,8.66,9.71
14,Teddy Bridgewater,QB,26.344,2019-10-20,NFL,NOR,@,CHI,W 36-25,7,7,Sun,23,38,60.53,281,2,0,100.9,1,8,7.39,8.45
15,Dak Prescott ,QB,26.083,2019-10-20,NFL,DAL,,PHI,W 37-10,7,7,Sun,21,27,77.78,239,1,1,100.5,3,26,8.85,7.93
16,Jared Goff,QB,25.006,2019-10-20,NFL,LAR,@,ATL,W 37-10,7,7,Sun,22,37,59.46,268,2,0,99.8,0,0,7.24,8.32
17,Case Keenum,QB,31.245,2019-10-20,NFL,WAS,,SFO,L 0-9,7,7,Sun,9,12,75.00,77,0,0,91.3,3,27,6.42,6.42
18,Matt Moore,QB,35.069,2019-10-17,NFL,KAN,@,DEN,W 30-6,7,7,Thu,10,19,52.63,117,1,0,89.1,1,2,6.16,7.21
19,Ryan Fitzpatrick,QB,36.330,2019-10-20,NFL,MIA,@,BUF,L 21-31,6,7,Sun,23,35,65.71,282,1,1,88.0,0,0,8.06,7.34
20,Mitchell Trubisky ,QB,25.061,2019-10-20,NFL,CHI,,NOR,L 25-36,6,7,Sun,34,54,62.96,251,2,0,86.3,2,16,4.65,5.39
21,Gardner Minshew II,QB,23.157,2019-10-20,NFL,JAX,@,CIN,W 27-17,7,7,Sun,15,32,46.88,255,1,0,84.8,2,11,7.97,8.59
22,Deshaun Watson ,QB,24.036,2019-10-20,NFL,HOU,@,IND,L 23-30,7,7,Sun,23,34,67.65,308,1,2,81.5,3,17,9.06,7.00
23,Carson Wentz ,QB,26.294,2019-10-20,NFL,PHI,@,DAL,L 10-37,7,7,Sun,16,26,61.54,191,1,1,80.8,3,23,7.35,6.38
24,Tom Brady ,QB,42.079,2019-10-21,NFL,NWE,@,NYJ,W 33-0,7,7,Mon,31,45,68.89,249,1,1,80.7,0,0,5.53,4.98
25,Joe Flacco,QB,34.274,2019-10-17,NFL,DEN,,KAN,L 6-30,7,7,Thu,21,34,61.76,213,0,0,79.7,8,72,6.26,6.26
26,Daniel Jones ,QB,22.146,2019-10-20,NFL,NYG,,ARI,L 21-27,7,7,Sun,22,35,62.86,223,1,1,78.6,8,67,6.37,5.66
27,Kyler Murray ,QB,22.074,2019-10-20,NFL,ARI,@,NYG,W 27-21,7,7,Sun,14,21,66.67,104,0,0,78.3,2,15,4.95,4.95
28,Lamar Jackson,QB,22.286,2019-10-20,NFL,BAL,@,SEA,W 30-16,7,7,Sun,9,20,45.00,143,0,0,69.4,1,2,7.15,7.15
29,Russell Wilson ,QB,30.325,2019-10-20,NFL,SEA,,BAL,L 16-30,7,7,Sun,20,41,48.78,241,1,1,65.2,1,0,5.88,5.27
30,Matt Ryan,QB,34.156,2019-10-20,NFL,ATL,,LAR,L 10-37,7,7,Sun,16,27,59.26,159,0,1,60.6,5,38,5.89,4.22
31,Jimmy Garoppolo,QB,27.352,2019-10-20,NFL,SFO,@,WAS,W 9-0,6,7,Sun,12,21,57.14,151,0,1,59.8,2,5,7.19,5.05
32,Andy Dalton,QB,31.356,2019-10-20,NFL,CIN,,JAX,L 17-27,7,7,Sun,22,43,51.16,276,1,3,50.1,2,18,6.42,3.74
33,Zach Pascal,WR,24.306,2019-10-20,NFL,IND,,HOU,W 30-23,6,7,Sun,0,1,0.00,0,0,0,39.6,0,0,0.00,0.00
34,Sam Darnold ,QB,22.138,2019-10-21,NFL,NYJ,,NWE,L 0-33,6,7,Mon,11,32,34.38,86,0,4,3.6,1,13,2.69,-2.94
1,Russell Wilson ,QB,30.332,2019-10-27,NFL,SEA,@,ATL,W 27-20,8,8,Sun,14,20,70.00,182,2,0,131.7,2,11,9.10,11.10
2,Matthew Stafford,QB,31.262,2019-10-27,NFL,DET,,NYG,W 31-26,7,8,Sun,25,32,78.13,342,3,1,129.4,4,26,10.69,11.16
3,Aaron Rodgers ,QB,35.329,2019-10-27,NFL,GNB,@,KAN,W 31-24,8,8,Sun,23,33,69.70,305,3,0,129.0,5,49,9.24,11.06
4,Derek Carr,QB,28.213,2019-10-27,NFL,OAK,@,HOU,L 24-27,7,8,Sun,18,30,60.00,285,3,0,125.0,0,0,9.50,11.50
5,Daniel Jones ,QB,22.153,2019-10-27,NFL,NYG,@,DET,L 26-31,8,8,Sun,28,41,68.29,322,4,0,124.2,3,32,7.85,9.80
6,Gardner Minshew II,QB,23.164,2019-10-27,NFL,JAX,,NYJ,W 29-15,8,8,Sun,22,34,64.71,279,3,0,119.6,2,1,8.21,9.97
7,Jared Goff,QB,25.013,2019-10-27,NFL,LAR,,CIN,W 24-10,8,8,Sun,17,31,54.84,372,2,0,119.3,0,0,12.00,13.29
8,Drew Brees,QB,40.285,2019-10-27,NFL,NOR,,ARI,W 31-9,8,8,Sun,34,43,79.07,373,3,1,116.4,0,0,8.67,9.02
9,Deshaun Watson ,QB,24.043,2019-10-27,NFL,HOU,,OAK,W 27-24,8,8,Sun,27,39,69.23,279,3,0,115.2,3,21,7.15,8.69
10,Kirk Cousins ,QB,31.066,2019-10-24,NFL,MIN,,WAS,W 19-9,8,8,Thu,23,26,88.46,285,0,0,112.3,3,12,10.96,10.96
11,Jimmy Garoppolo,QB,27.359,2019-10-27,NFL,SFO,,CAR,W 51-13,7,8,Sun,18,22,81.82,175,2,1,111.2,3,19,7.95,7.73
12,Ryan Tannehill,QB,31.092,2019-10-27,NFL,TEN,,TAM,W 27-23,8,8,Sun,21,33,63.64,193,3,0,109.8,3,19,5.85,7.67
13,Matt Moore,QB,35.079,2019-10-27,NFL,KAN,,GNB,L 24-31,8,8,Sun,24,36,66.67,267,2,0,107.1,2,18,7.42,8.53
14,Carson Wentz ,QB,26.301,2019-10-27,NFL,PHI,@,BUF,W 31-13,8,8,Sun,17,24,70.83,172,1,0,104.9,3,19,7.17,8.00
15,Matt Schaub,QB,38.124,2019-10-27,NFL,ATL,,SEA,L 20-27,8,8,Sun,39,52,75.00,460,1,1,99.8,2,19,8.85,8.37
16,Case Keenum,QB,31.249,2019-10-24,NFL,WAS,@,MIN,L 9-19,8,8,Thu,12,16,75.00,130,0,0,98.4,2,14,8.13,8.13
17,Tom Brady ,QB,42.085,2019-10-27,NFL,NWE,,CLE,W 27-13,8,8,Sun,20,36,55.56,259,2,0,96.9,3,20,7.19,8.31
18,Andy Dalton,QB,31.363,2019-10-27,NFL,CIN,@,LAR,L 10-24,8,8,Sun,32,52,61.54,329,1,0,86.1,5,32,6.33,6.71
19,Jacoby Brissett,QB,26.320,2019-10-27,NFL,IND,,DEN,W 15-13,7,8,Sun,15,25,60.00,202,0,0,85.7,4,11,8.08,8.08
20,Mason Rudolph,QB,24.103,2019-10-28,NFL,PIT,,MIA,W 27-14,7,8,Mon,20,36,55.56,251,2,1,84.4,2,15,6.97,6.83
21,Philip Rivers,QB,37.323,2019-10-27,NFL,LAC,@,CHI,W 17-16,8,8,Sun,19,29,65.52,201,1,1,82.7,1,6,6.93,6.07
22,Josh Allen ,QB,23.159,2019-10-27,NFL,BUF,,PHI,L 13-31,7,8,Sun,16,34,47.06,169,2,0,81.6,4,14,4.97,6.15
23,Baker Mayfield,QB,24.196,2019-10-27,NFL,CLE,@,NWE,L 13-27,7,8,Sun,20,31,64.52,194,1,1,79.2,5,43,6.26,5.45
24,Kyler Murray ,QB,22.081,2019-10-27,NFL,ARI,@,NOR,L 9-31,8,8,Sun,19,33,57.58,220,0,0,77.8,3,19,6.67,6.67
25,Joe Flacco,QB,34.284,2019-10-27,NFL,DEN,@,IND,L 13-15,8,8,Sun,20,32,62.50,174,0,0,76.8,3,8,5.44,5.44
26,Mitchell Trubisky ,QB,25.068,2019-10-27,NFL,CHI,,LAC,L 16-17,7,8,Sun,23,35,65.71,253,0,1,75.1,4,27,7.23,5.94
27,Sam Darnold ,QB,22.144,2019-10-27,NFL,NYJ,@,JAX,L 15-29,7,8,Sun,21,30,70.00,218,2,3,73.3,8,51,7.27,4.10
28,Ryan Fitzpatrick,QB,36.338,2019-10-28,NFL,MIA,@,PIT,L 14-27,7,8,Mon,21,34,61.76,190,2,2,71.9,4,20,5.59,4.12
29,Jameis Winston,QB,25.294,2019-10-27,NFL,TAM,@,TEN,L 23-27,7,8,Sun,21,43,48.84,301,2,2,68.1,3,18,7.00,5.84
30,Dwayne Haskins ,QB,22.174,2019-10-24,NFL,WAS,@,MIN,L 9-19,8,8,Thu,3,5,60.00,33,0,1,40.0,2,18,6.60,-2.40
31,Brett Hundley,QB,26.134,2019-10-27,NFL,ARI,@,NOR,L 9-31,8,8,Sun,0,1,0.00,0,0,0,39.6,1,4,0.00,0.00
32,Kyle Allen,QB,23.233,2019-10-27,NFL,CAR,@,SFO,L 13-51,7,8,Sun,19,37,51.35,158,0,3,28.9,7,58,4.27,0.62
1,Jimmy Garoppolo,QB,27.363,2019-10-31,NFL,SFO,@,ARI,W 28-25,8,9,Thu,28,37,75.68,317,4,0,136.9,1,7,8.57,10.73
2,Russell Wilson ,QB,30.339,2019-11-03,NFL,SEA,,TAM,W 40-34,9,9,Sun,29,43,67.44,378,5,0,133.7,3,31,8.79,11.12
3,Kyler Murray ,QB,22.085,2019-10-31,NFL,ARI,,SFO,L 25-28,9,9,Thu,17,24,70.83,241,2,0,130.7,3,37,10.04,11.71
4,Brandon Allen,QB,27.059,2019-11-03,NFL,DEN,,CLE,W 24-19,9,9,Sun,12,20,60.00,193,2,0,125.6,3,18,9.65,11.65
5,Deshaun Watson ,QB,24.050,2019-11-03,NFL,HOU,@,JAX,W 26-3,9,9,Sun,22,28,78.57,201,2,0,120.4,1,7,7.18,8.61
6,Ryan Fitzpatrick,QB,36.344,2019-11-03,NFL,MIA,,NYJ,W 26-18,8,9,Sun,24,36,66.67,288,3,0,118.7,4,22,8.00,9.67
7,Derek Carr,QB,28.220,2019-11-03,NFL,OAK,,DET,W 31-24,8,9,Sun,20,31,64.52,289,2,0,116.2,1,10,9.32,10.61
8,Jacoby Brissett,QB,26.327,2019-11-03,NFL,IND,@,PIT,L 24-26,8,9,Sun,4,5,80.00,59,0,0,115.8,1,4,11.80,11.80
9,Josh Allen ,QB,23.166,2019-11-03,NFL,BUF,,WAS,W 24-9,8,9,Sun,14,20,70.00,160,1,0,110.4,2,14,8.00,9.00
10,Matthew Stafford,QB,31.269,2019-11-03,NFL,DET,@,OAK,L 24-31,8,9,Sun,26,41,63.41,406,3,1,110.4,2,23,9.90,10.27
11,Philip Rivers,QB,37.330,2019-11-03,NFL,LAC,,GNB,W 26-11,9,9,Sun,21,28,75.00,294,0,0,108.3,2,11,10.50,10.50
12,Lamar Jackson,QB,22.300,2019-11-03,NFL,BAL,,NWE,W 37-20,8,9,Sun,17,23,73.91,163,1,0,107.7,1,1,7.09,7.96
13,Brian Hoyer,QB,34.021,2019-11-03,NFL,IND,@,PIT,L 24-26,8,9,Sun,17,26,65.38,168,3,1,105.9,4,34,6.46,7.04
14,Matt Moore,QB,35.086,2019-11-03,NFL,KAN,,MIN,W 26-23,9,9,Sun,25,35,71.43,275,1,0,103.9,5,45,7.86,8.43
15,Jameis Winston,QB,25.301,2019-11-03,NFL,TAM,@,SEA,L 34-40,8,9,Sun,29,44,65.91,335,2,0,103.9,2,16,7.61,8.52
16,Dak Prescott ,QB,26.098,2019-11-04,NFL,DAL,@,NYG,W 37-18,8,9,Mon,22,35,62.86,257,3,1,101.7,0,0,7.34,7.77
17,Kirk Cousins ,QB,31.076,2019-11-03,NFL,MIN,@,KAN,L 23-26,9,9,Sun,19,38,50.00,220,3,0,94.2,1,8,5.79,7.37
18,Carson Wentz ,QB,26.308,2019-11-03,NFL,PHI,,CHI,W 22-14,9,9,Sun,26,39,66.67,239,1,0,91.7,4,12,6.13,6.64
19,Baker Mayfield,QB,24.203,2019-11-03,NFL,CLE,@,DEN,L 19-24,8,9,Sun,27,42,64.29,273,1,0,90.7,2,12,6.50,6.98
20,Dwayne Haskins ,QB,22.184,2019-11-03,NFL,WAS,@,BUF,L 9-24,9,9,Sun,15,22,68.18,144,0,0,86.2,4,28,6.55,6.55
21,Aaron Rodgers ,QB,35.336,2019-11-03,NFL,GNB,@,LAC,L 11-26,9,9,Sun,23,35,65.71,161,1,0,85.5,3,22,4.60,5.17
22,Sam Darnold ,QB,22.151,2019-11-03,NFL,NYJ,@,MIA,L 18-26,8,9,Sun,27,39,69.23,260,1,1,85.4,3,22,6.67,6.03
23,Kyle Allen,QB,23.240,2019-11-03,NFL,CAR,,TEN,W 30-20,8,9,Sun,17,32,53.13,232,2,1,84.4,3,18,7.25,7.09
24,Mason Rudolph,QB,24.109,2019-11-03,NFL,PIT,,IND,W 26-24,8,9,Sun,26,35,74.29,191,1,1,84.3,1,8,5.46,4.74
25,Ryan Tannehill,QB,31.099,2019-11-03,NFL,TEN,@,CAR,L 20-30,9,9,Sun,27,39,69.23,331,1,2,82.3,4,21,8.49,6.69
26,Tom Brady ,QB,42.092,2019-11-03,NFL,NWE,@,BAL,L 20-37,9,9,Sun,30,46,65.22,285,1,1,80.4,2,17,6.20,5.65
27,Daniel Jones ,QB,22.161,2019-11-04,NFL,NYG,,DAL,L 18-37,9,9,Mon,26,41,63.41,210,1,1,74.2,5,39,5.12,4.51
28,Mitchell Trubisky ,QB,25.075,2019-11-03,NFL,CHI,@,PHI,L 14-22,8,9,Sun,10,21,47.62,125,0,0,66.6,3,23,5.95,5.95
29,Gardner Minshew II,QB,23.171,2019-11-03,NFL,JAX,,HOU,L 3-26,9,9,Sun,27,47,57.45,309,0,2,59.6,3,8,6.57,4.66
1,Lamar Jackson,QB,22.307,2019-11-10,NFL,BAL,@,CIN,W 49-13,9,10,Sun,15,17,88.24,223,3,0,158.3,0,0,13.12,16.65
2,Ryan Tannehill,QB,31.106,2019-11-10,NFL,TEN,,KAN,W 35-32,10,10,Sun,13,19,68.42,181,2,0,133.9,4,35,9.53,11.63
3,Mitchell Trubisky ,QB,25.082,2019-11-10,NFL,CHI,,DET,W 20-13,9,10,Sun,16,23,69.57,173,3,0,131.0,5,28,7.52,10.13
4,Daniel Jones ,QB,22.167,2019-11-10,NFL,NYG,@,NYJ,L 27-34,10,10,Sun,26,40,65.00,308,4,0,121.7,6,50,7.70,9.70
5,Patrick Mahomes ,QB,24.054,2019-11-10,NFL,KAN,@,TEN,L 32-35,10,10,Sun,36,50,72.00,446,3,0,119.2,2,13,8.92,10.12
6,Taysom Hill,QB,29.079,2019-11-10,NFL,NOR,,ATL,L 9-26,9,10,Sun,1,1,100.00,17,0,0,118.7,0,0,17.00,17.00
7,Andy Lee ,P,37.091,2019-11-10,NFL,ARI,@,TAM,L 27-30,10,10,Sun,1,1,100.00,26,0,0,118.7,0,0,26.00,26.00
8,Kirk Cousins ,QB,31.083,2019-11-10,NFL,MIN,@,DAL,W 28-24,10,10,Sun,23,32,71.88,220,2,0,111.5,1,9,6.88,8.13
9,Baker Mayfield,QB,24.210,2019-11-10,NFL,CLE,,BUF,W 19-16,9,10,Sun,26,38,68.42,238,2,0,102.7,2,17,6.26,7.32
10,Dak Prescott ,QB,26.104,2019-11-10,NFL,DAL,,MIN,L 24-28,9,10,Sun,28,46,60.87,397,3,1,101.4,1,4,8.63,8.96
11,Derek Carr,QB,28.224,2019-11-07,NFL,OAK,,LAC,W 26-24,9,10,Thu,21,31,67.74,218,1,0,98.6,3,18,7.03,7.68
12,Sam Darnold ,QB,22.158,2019-11-10,NFL,NYJ,,NYG,W 34-27,9,10,Sun,19,30,63.33,230,1,0,97.9,2,12,7.67,8.33
13,Kyler Murray ,QB,22.095,2019-11-10,NFL,ARI,@,TAM,L 27-30,10,10,Sun,27,44,61.36,324,3,1,97.2,2,8,7.36,7.70
14,Drew Brees,QB,40.299,2019-11-10,NFL,NOR,,ATL,L 9-26,9,10,Sun,32,45,71.11,287,0,0,87.9,6,46,6.38,6.38
15,Russell Wilson ,QB,30.347,2019-11-11,NFL,SEA,@,SFO,W 27-24,10,10,Mon,24,34,70.59,232,1,1,86.9,5,43,6.82,6.09
16,Mason Rudolph,QB,24.116,2019-11-10,NFL,PIT,,LAR,W 17-12,9,10,Sun,22,38,57.89,242,1,0,85.6,3,11,6.37,6.89
17,Aaron Rodgers ,QB,35.343,2019-11-10,NFL,GNB,,CAR,W 24-16,10,10,Sun,17,29,58.62,233,0,0,84.4,2,8,8.03,8.03
18,Kyle Allen,QB,23.247,2019-11-10,NFL,CAR,@,GNB,L 16-24,9,10,Sun,28,43,65.12,307,1,1,84.2,3,26,7.14,6.56
19,Matt Ryan,QB,34.177,2019-11-10,NFL,ATL,@,NOR,W 26-9,9,10,Sun,20,35,57.14,182,2,1,78.5,1,8,5.20,5.06
20,Jameis Winston,QB,25.308,2019-11-10,NFL,TAM,,ARI,W 30-27,9,10,Sun,30,48,62.50,358,1,2,74.8,4,19,7.46,6.00
21,Josh Allen ,QB,23.173,2019-11-10,NFL,BUF,@,CLE,L 16-19,9,10,Sun,22,41,53.66,266,0,0,73.8,1,6,6.49,6.49
22,Jeff Driskel,QB,26.201,2019-11-10,NFL,DET,@,CHI,L 13-20,9,10,Sun,27,46,58.70,269,1,1,73.6,2,10,5.85,5.30
23,Ryan Finley,QB,24.319,2019-11-10,NFL,CIN,,BAL,L 13-49,9,10,Sun,16,30,53.33,167,1,1,66.9,2,17,5.57,4.73
24,Jimmy Garoppolo,QB,28.009,2019-11-11,NFL,SFO,,SEA,L 24-27,9,10,Mon,24,46,52.17,248,1,1,66.2,5,33,5.39,4.85
25,Ryan Fitzpatrick,QB,36.351,2019-11-10,NFL,MIA,@,IND,W 16-12,9,10,Sun,21,33,63.64,169,0,1,63.8,3,10,5.12,3.76
26,Philip Rivers,QB,37.334,2019-11-07,NFL,LAC,@,OAK,L 24-26,10,10,Thu,17,31,54.84,207,2,3,57.5,5,38,6.68,3.61
27,Jared Goff,QB,25.027,2019-11-10,NFL,LAR,@,PIT,L 12-17,9,10,Sun,22,41,53.66,243,0,2,51.2,4,25,5.93,3.73
28,Randall Cobb,WR,29.080,2019-11-10,NFL,DAL,,MIN,L 24-28,9,10,Sun,0,1,0.00,0,0,0,39.6,0,0,0.00,0.00
29,Dustin Colquitt,P,37.188,2019-11-10,NFL,KAN,@,TEN,L 32-35,10,10,Sun,0,1,0.00,0,0,0,39.6,0,0,0.00,0.00
30,Brian Hoyer,QB,34.028,2019-11-10,NFL,IND,,MIA,L 12-16,9,10,Sun,18,39,46.15,204,1,3,38.8,1,13,5.23,2.28
31,Robert Griffin III,QB,29.271,2019-11-10,NFL,BAL,@,CIN,W 49-13,9,10,Sun,3,5,60.00,20,0,1,29.2,1,0,4.00,-5.00
32,Johnny Hekker,P,29.275,2019-11-10,NFL,LAR,@,PIT,L 12-17,9,10,Sun,0,1,0.00,0,0,1,0.0,0,0,0.00,-45.00
1,Julian Edelman,WR,33.179,2019-11-17,NFL,NWE,@,PHI,W 17-10,10,11,Sun,1,1,100.00,15,1,0,158.3,0,0,15.00,35.00
2,Lamar Jackson,QB,22.314,2019-11-17,NFL,BAL,,HOU,W 41-7,10,11,Sun,17,24,70.83,222,4,0,139.2,0,0,9.25,12.58
3,Kirk Cousins ,QB,31.090,2019-11-17,NFL,MIN,,DEN,W 27-23,11,11,Sun,29,35,82.86,319,3,0,133.2,5,35,9.11,10.83
4,Drew Brees,QB,40.306,2019-11-17,NFL,NOR,@,TAM,W 34-17,10,11,Sun,28,35,80.00,228,3,0,122.4,0,0,6.51,8.23
5,Sam Darnold ,QB,22.165,2019-11-17,NFL,NYJ,@,WAS,W 34-17,10,11,Sun,19,30,63.33,293,4,1,121.3,2,8,9.77,10.93
6,Courtland Sutton,WR,24.038,2019-11-17,NFL,DEN,@,MIN,L 23-27,10,11,Sun,1,1,100.00,38,0,0,118.7,0,0,38.00,38.00
7,Josh Allen ,QB,23.180,2019-11-17,NFL,BUF,@,MIA,W 37-20,10,11,Sun,21,33,63.64,256,3,0,117.7,0,0,7.76,9.58
8,Dak Prescott ,QB,26.111,2019-11-17,NFL,DAL,@,DET,W 35-27,10,11,Sun,29,46,63.04,444,3,0,116.6,1,10,9.65,10.96
9,Jimmy Garoppolo,QB,28.015,2019-11-17,NFL,SFO,,ARI,W 36-26,10,11,Sun,34,45,75.56,424,4,2,115.4,2,16,9.42,9.20
10,Matt Ryan,QB,34.184,2019-11-17,NFL,ATL,@,CAR,W 29-3,10,11,Sun,21,31,67.74,311,1,0,111.1,3,19,10.03,10.68
11,Jeff Driskel,QB,26.208,2019-11-17,NFL,DET,,DAL,L 27-35,10,11,Sun,15,26,57.69,209,2,0,109.3,3,18,8.04,9.58
12,Derek Carr,QB,28.234,2019-11-17,NFL,OAK,,CIN,W 17-10,10,11,Sun,25,29,86.21,292,1,1,105.7,3,19,10.07,9.21
13,Kyler Murray ,QB,22.102,2019-11-17,NFL,ARI,@,SFO,L 26-36,11,11,Sun,24,33,72.73,150,2,0,101.8,4,19,4.55,5.76
14,Robert Griffin III,QB,29.278,2019-11-17,NFL,BAL,,HOU,W 41-7,10,11,Sun,2,2,100.00,15,0,0,97.9,0,0,7.50,7.50
15,Baker Mayfield,QB,24.214,2019-11-14,NFL,CLE,,PIT,W 21-7,10,11,Thu,17,32,53.13,193,2,0,92.3,1,4,6.03,7.28
16,Nick Foles,QB,30.301,2019-11-17,NFL,JAX,@,IND,L 13-33,10,11,Sun,33,47,70.21,296,2,1,92.2,2,17,6.30,6.19
17,Ryan Fitzpatrick,QB,36.358,2019-11-17,NFL,MIA,,BUF,L 20-37,10,11,Sun,32,45,71.11,323,0,0,91.2,7,43,7.18,7.18
18,Dwayne Haskins ,QB,22.198,2019-11-17,NFL,WAS,,NYJ,L 17-34,10,11,Sun,19,35,54.29,214,2,1,79.9,6,43,6.11,5.97
19,Kenjon Barner,RB,29.203,2019-11-17,NFL,ATL,@,CAR,W 29-3,10,11,Sun,1,1,100.00,3,0,0,79.2,0,0,3.00,3.00
20,Sam Koch,P,37.096,2019-11-17,NFL,BAL,,HOU,W 41-7,10,11,Sun,1,1,100.00,-2,0,0,79.2,0,0,-2.00,-2.00
21,Jacoby Brissett,QB,26.341,2019-11-17,NFL,IND,,JAX,W 33-13,10,11,Sun,15,24,62.50,148,1,1,76.4,3,23,6.17,5.13
22,Carson Wentz ,QB,26.322,2019-11-17,NFL,PHI,,NWE,L 10-17,10,11,Sun,20,40,50.00,214,1,0,74.4,5,40,5.35,5.85
23,Patrick Mahomes ,QB,24.062,2019-11-18,NFL,KAN,@,LAC,W 24-17,11,11,Mon,19,32,59.38,182,1,1,72.7,1,2,5.69,4.91
24,Jared Goff,QB,25.034,2019-11-17,NFL,LAR,,CHI,W 17-7,10,11,Sun,11,18,61.11,173,0,1,69.9,0,0,9.61,7.11
25,Tom Brady ,QB,42.106,2019-11-17,NFL,NWE,@,PHI,W 17-10,10,11,Sun,26,47,55.32,216,0,0,67.3,1,7,4.60,4.60
26,Mitchell Trubisky ,QB,25.089,2019-11-17,NFL,CHI,@,LAR,L 7-17,10,11,Sun,24,43,55.81,190,1,1,65.1,1,2,4.42,3.84
27,Deshaun Watson ,QB,24.064,2019-11-17,NFL,HOU,@,BAL,L 7-41,10,11,Sun,18,29,62.07,169,0,1,63.7,6,49,5.83,4.28
28,Brandon Allen,QB,27.073,2019-11-17,NFL,DEN,@,MIN,L 23-27,10,11,Sun,17,39,43.59,240,1,1,61.9,2,8,6.15,5.51
29,Jameis Winston,QB,25.315,2019-11-17,NFL,TAM,,NOR,L 17-34,10,11,Sun,30,51,58.82,313,2,4,57.1,2,15,6.14,3.39
30,Philip Rivers,QB,37.345,2019-11-18,NFL,LAC,,KAN,L 17-24,11,11,Mon,28,52,53.85,353,1,4,49.6,2,8,6.79,3.71
31,Kyle Allen,QB,23.254,2019-11-17,NFL,CAR,,ATL,L 3-29,10,11,Sun,31,50,62.00,325,0,4,47.5,5,55,6.50,2.90
32,Chase Daniel,QB,33.041,2019-11-17,NFL,CHI,@,LAR,L 7-17,10,11,Sun,1,4,25.00,9,0,0,39.6,2,4,2.25,2.25
33,A.J. McCarron,QB,29.065,2019-11-17,NFL,HOU,@,BAL,L 7-41,10,11,Sun,0,1,0.00,0,0,0,39.6,1,10,0.00,0.00
34,Bilal Powell,RB,31.021,2019-11-17,NFL,NYJ,@,WAS,W 34-17,10,11,Sun,0,1,0.00,0,0,0,39.6,0,0,0.00,0.00
35,Ryan Finley,QB,24.326,2019-11-17,NFL,CIN,@,OAK,L 10-17,10,11,Sun,13,31,41.94,115,0,1,39.0,5,42,3.71,2.26
36,Mason Rudolph,QB,24.120,2019-11-14,NFL,PIT,@,CLE,L 7-21,10,11,Thu,23,44,52.27,221,1,4,36.3,4,43,5.02,1.39
1,Ryan Tannehill,QB,31.120,2019-11-24,NFL,TEN,,JAX,W 42-20,11,12,Sun,14,18,77.78,259,2,0,155.8,1,7,14.39,16.61
2,Jimmy Garoppolo,QB,28.022,2019-11-24,NFL,SFO,,GNB,W 37-8,11,12,Sun,14,20,70.00,253,2,0,145.8,3,26,12.65,14.65
3,Lamar Jackson,QB,22.322,2019-11-25,NFL,BAL,@,LAR,W 45-6,11,12,Mon,15,20,75.00,169,5,0,139.4,2,9,8.45,13.45
4,Sam Darnold ,QB,22.172,2019-11-24,NFL,NYJ,,OAK,W 34-3,11,12,Sun,20,29,68.97,315,2,0,127.8,1,2,10.86,12.24
5,Baker Mayfield,QB,24.224,2019-11-24,NFL,CLE,,MIA,W 41-24,11,12,Sun,24,34,70.59,327,3,1,118.1,1,7,9.62,10.06
6,Devlin Hodges ,QB,23.226,2019-11-24,NFL,PIT,@,CIN,W 16-10,11,12,Sun,5,11,45.45,118,1,0,115.0,2,11,10.73,12.55
7,Drew Brees,QB,40.313,2019-11-24,NFL,NOR,,CAR,W 34-31,11,12,Sun,30,39,76.92,311,3,1,114.4,2,11,7.97,8.36
8,Kyle Allen,QB,23.261,2019-11-24,NFL,CAR,@,NOR,L 31-34,11,12,Sun,23,36,63.89,256,3,0,112.7,4,26,7.11,8.78
9,Matt Schaub,QB,38.152,2019-11-24,NFL,ATL,,TAM,L 22-35,11,12,Sun,5,9,55.56,55,1,0,110.9,0,0,6.11,8.33
10,Jameis Winston,QB,25.322,2019-11-24,NFL,TAM,@,ATL,W 35-22,11,12,Sun,18,28,64.29,313,3,2,108.2,0,0,11.18,10.11
11,Deshaun Watson ,QB,24.068,2019-11-21,NFL,HOU,,IND,W 20-17,11,12,Thu,19,30,63.33,298,2,1,104.6,1,1,9.93,9.77
12,Josh Allen ,QB,23.187,2019-11-24,NFL,BUF,,DEN,W 20-3,11,12,Sun,15,25,60.00,185,2,1,92.9,1,5,7.40,7.20
13,Daniel Jones ,QB,22.181,2019-11-24,NFL,NYG,@,CHI,L 14-19,11,12,Sun,21,36,58.33,150,2,0,86.6,1,16,4.17,5.28
14,Ryan Finley,QB,24.333,2019-11-24,NFL,CIN,,PIT,L 10-16,11,12,Sun,12,26,46.15,192,1,0,84.1,4,34,7.38,8.15
15,Robert Griffin III,QB,29.286,2019-11-25,NFL,BAL,@,LAR,W 45-6,11,12,Mon,1,3,33.33,39,0,0,81.9,1,4,13.00,13.00
16,Nick Foles,QB,30.308,2019-11-24,NFL,JAX,@,TEN,L 20-42,11,12,Sun,32,48,66.67,272,0,0,81.2,3,20,5.67,5.67
17,Tim Boyle,QB,25.052,2019-11-24,NFL,GNB,@,SFO,L 8-37,11,12,Sun,3,4,75.00,15,0,0,80.2,0,0,3.75,3.75
18,Jacoby Brissett,QB,26.345,2019-11-21,NFL,IND,@,HOU,L 17-20,11,12,Thu,16,25,64.00,129,0,0,76.9,1,8,5.16,5.16
19,Aaron Rodgers ,QB,35.357,2019-11-24,NFL,GNB,@,SFO,L 8-37,11,12,Sun,20,33,60.61,104,1,0,75.8,5,38,3.15,3.76
20,Carson Wentz ,QB,26.329,2019-11-24,NFL,PHI,,SEA,L 9-17,11,12,Sun,33,45,73.33,256,1,2,75.8,3,18,5.69,4.13
21,Russell Wilson ,QB,30.360,2019-11-24,NFL,SEA,@,PHI,W 17-9,11,12,Sun,13,25,52.00,200,1,1,75.4,6,26,8.00,7.00
22,Tom Brady ,QB,42.113,2019-11-24,NFL,NWE,,DAL,W 13-9,11,12,Sun,17,37,45.95,190,1,0,70.8,2,9,5.14,5.68
23,Mitchell Trubisky ,QB,25.096,2019-11-24,NFL,CHI,,NYG,W 19-14,11,12,Sun,25,41,60.98,278,1,2,69.0,2,8,6.78,5.07
24,Ryan Fitzpatrick,QB,37.000,2019-11-24,NFL,MIA,@,CLE,L 24-41,11,12,Sun,21,39,53.85,214,2,2,65.5,4,22,5.49,4.21
25,Dak Prescott ,QB,26.118,2019-11-24,NFL,DAL,@,NWE,L 9-13,11,12,Sun,19,33,57.58,212,0,1,64.2,0,0,6.42,5.06
26,Mike Glennon,QB,29.347,2019-11-24,NFL,OAK,@,NYJ,L 3-34,11,12,Sun,4,7,57.14,20,0,0,62.2,0,0,2.86,2.86
27,Jared Goff,QB,25.042,2019-11-25,NFL,LAR,,BAL,L 6-45,11,12,Mon,26,37,70.27,212,0,2,62.0,2,13,5.73,3.30
28,Matt Ryan,QB,34.191,2019-11-24,NFL,ATL,,TAM,L 22-35,11,12,Sun,23,46,50.00,271,0,1,59.2,6,46,5.89,4.91
29,Derek Carr,QB,28.241,2019-11-24,NFL,OAK,@,NYJ,L 3-34,11,12,Sun,15,27,55.56,127,0,1,52.5,1,7,4.70,3.04
30,Jeff Driskel,QB,26.215,2019-11-24,NFL,DET,@,WAS,L 16-19,11,12,Sun,20,33,60.61,207,1,3,50.9,6,18,6.27,2.79
31,Dwayne Haskins ,QB,22.205,2019-11-24,NFL,WAS,,DET,W 19-16,11,12,Sun,13,29,44.83,156,0,1,47.5,3,12,5.38,3.83
32,Mason Rudolph,QB,24.130,2019-11-24,NFL,PIT,@,CIN,W 16-10,11,12,Sun,8,16,50.00,85,0,1,39.8,1,13,5.31,2.50
33,Steven Sims,WR,22.238,2019-11-24,NFL,WAS,,DET,W 19-16,11,12,Sun,0,1,0.00,0,0,0,39.6,0,0,0.00,0.00
34,Brandon Allen,QB,27.080,2019-11-24,NFL,DEN,@,BUF,L 3-20,11,12,Sun,10,25,40.00,82,0,1,32.4,4,33,3.28,1.48
1,John Brown,WR,29.239,2019-11-28,NFL,BUF,@,DAL,W 26-15,12,13,Thu,1,1,100.00,28,1,0,158.3,0,0,28.00,48.00
2,Deshaun Watson ,QB,24.078,2019-12-01,NFL,HOU,,NWE,W 28-22,12,13,Sun,18,25,72.00,234,3,0,140.7,3,16,9.36,11.76
3,DeAndre Hopkins,WR,27.178,2019-12-01,NFL,HOU,,NWE,W 28-22,12,13,Sun,1,1,100.00,6,1,0,131.2,0,0,6.00,26.00
4,Ryan Tannehill,QB,31.127,2019-12-01,NFL,TEN,@,IND,W 31-17,12,13,Sun,17,22,77.27,182,2,0,131.2,6,44,8.27,10.09
5,Aaron Rodgers ,QB,35.364,2019-12-01,NFL,GNB,@,NYG,W 31-13,12,13,Sun,21,33,63.64,243,4,0,125.4,0,0,7.36,9.79
6,Josh Allen ,QB,23.191,2019-11-28,NFL,BUF,@,DAL,W 26-15,12,13,Thu,19,24,79.17,231,1,0,120.7,4,27,9.63,10.46
7,Jared Goff,QB,25.048,2019-12-01,NFL,LAR,@,ARI,W 34-7,12,13,Sun,32,43,74.42,424,2,0,120.7,1,10,9.86,10.79
8,Matt Haack,P,25.159,2019-12-01,NFL,MIA,,PHI,W 37-31,12,13,Sun,1,1,100.00,1,1,0,118.7,0,0,1.00,21.00
9,Mitchell Trubisky ,QB,25.100,2019-11-28,NFL,CHI,@,DET,W 24-20,12,13,Thu,29,38,76.32,338,3,1,118.1,1,7,8.89,9.29
10,Ryan Fitzpatrick,QB,37.007,2019-12-01,NFL,MIA,,PHI,W 37-31,12,13,Sun,27,39,69.23,365,3,1,113.7,3,15,9.36,9.74
11,Jimmy Garoppolo,QB,28.029,2019-12-01,NFL,SFO,@,BAL,L 17-20,12,13,Sun,15,21,71.43,165,1,0,110.2,2,8,7.86,8.81
12,Philip Rivers,QB,37.358,2019-12-01,NFL,LAC,@,DEN,L 20-23,12,13,Sun,20,29,68.97,265,2,1,106.3,3,21,9.14,8.97
13,Russell Wilson ,QB,31.003,2019-12-02,NFL,SEA,,MIN,W 37-30,12,13,Mon,21,31,67.74,240,2,1,98.9,2,14,7.74,7.58
14,Devlin Hodges ,QB,23.233,2019-12-01,NFL,PIT,,CLE,W 20-13,12,13,Sun,14,21,66.67,212,1,1,95.7,1,13,10.10,8.90
15,Carson Wentz ,QB,26.336,2019-12-01,NFL,PHI,@,MIA,L 31-37,12,13,Sun,28,46,60.87,310,3,1,93.6,2,16,6.74,7.07
16,Dak Prescott ,QB,26.122,2019-11-28,NFL,DAL,,BUF,L 15-26,12,13,Thu,32,49,65.31,355,2,1,91.8,4,32,7.24,7.14
17,Jameis Winston,QB,25.329,2019-12-01,NFL,TAM,@,JAX,W 28-11,12,13,Sun,21,33,63.64,268,0,0,89.0,4,27,8.12,8.12
18,Drew Brees,QB,40.317,2019-11-28,NFL,NOR,@,ATL,W 26-18,12,13,Thu,18,30,60.00,184,1,0,88.7,0,0,6.13,6.80
19,Andy Dalton,QB,32.033,2019-12-01,NFL,CIN,,NYJ,W 22-6,12,13,Sun,22,37,59.46,243,1,0,88.0,1,10,6.57,7.11
20,David Blough,QB,24.120,2019-11-28,NFL,DET,,CHI,L 20-24,12,13,Thu,22,38,57.89,280,2,1,87.6,2,21,7.37,7.24
21,Kirk Cousins ,QB,31.105,2019-12-02,NFL,MIN,@,SEA,L 30-37,12,13,Mon,22,38,57.89,276,2,1,87.2,0,0,7.26,7.13
22,Lamar Jackson,QB,22.328,2019-12-01,NFL,BAL,,SFO,W 20-17,12,13,Sun,14,23,60.87,105,1,0,86.3,1,0,4.57,5.43
23,Tom Brady ,QB,42.120,2019-12-01,NFL,NWE,@,HOU,L 22-28,12,13,Sun,24,47,51.06,326,3,1,85.9,3,23,6.94,7.26
24,Drew Lock,QB,23.021,2019-12-01,NFL,DEN,,LAC,W 23-20,12,13,Sun,18,28,64.29,134,2,1,84.5,0,0,4.79,4.61
25,Matt Ryan,QB,34.195,2019-11-28,NFL,ATL,,NOR,L 18-26,12,13,Thu,35,50,70.00,312,2,2,83.1,9,53,6.24,5.24
26,Patrick Mahomes ,QB,24.075,2019-12-01,NFL,KAN,,OAK,W 40-9,12,13,Sun,15,29,51.72,175,1,0,81.8,1,12,6.03,6.72
27,Kyle Allen,QB,23.268,2019-12-01,NFL,CAR,,WAS,L 21-29,12,13,Sun,27,46,58.70,278,2,1,81.6,7,65,6.04,5.93
28,Jacoby Brissett,QB,26.355,2019-12-01,NFL,IND,,TEN,L 17-31,12,13,Sun,25,40,62.50,319,1,2,74.9,3,10,7.98,6.23
29,Baker Mayfield,QB,24.231,2019-12-01,NFL,CLE,@,PIT,L 13-20,12,13,Sun,18,32,56.25,196,1,1,71.9,5,23,6.13,5.34
30,Derek Carr,QB,28.248,2019-12-01,NFL,OAK,@,KAN,L 9-40,12,13,Sun,20,30,66.67,222,1,2,71.8,2,12,7.40,5.07
31,Sam Darnold ,QB,22.179,2019-12-01,NFL,NYJ,@,CIN,L 6-22,12,13,Sun,28,48,58.33,239,0,0,71.4,4,30,4.98,4.98
32,Gardner Minshew II,QB,23.199,2019-12-01,NFL,JAX,,TAM,L 11-28,12,13,Sun,16,27,59.26,147,1,1,71.1,2,24,5.44,4.52
33,Dwayne Haskins ,QB,22.212,2019-12-01,NFL,WAS,@,CAR,W 29-21,12,13,Sun,13,25,52.00,147,0,0,69.9,5,33,5.88,5.88
34,Kyler Murray ,QB,22.116,2019-12-01,NFL,ARI,,LAR,L 7-34,12,13,Sun,19,34,55.88,163,0,1,56.4,6,39,4.79,3.47
35,Blake Bortles ,QB,27.217,2019-12-01,NFL,LAR,@,ARI,W 34-7,12,13,Sun,1,2,50.00,3,0,0,56.2,0,0,1.50,1.50
36,Daniel Jones ,QB,22.188,2019-12-01,NFL,NYG,,GNB,L 13-31,12,13,Sun,20,37,54.05,240,1,3,49.4,0,0,6.49,3.38
37,Nick Foles,QB,30.315,2019-12-01,NFL,JAX,,TAM,L 11-28,12,13,Sun,7,14,50.00,93,0,1,41.7,3,23,6.64,3.43
38,Garrett Gilbert,QB,28.153,2019-12-01,NFL,CLE,@,PIT,L 13-20,12,13,Sun,0,2,0.00,0,0,0,39.6,0,0,0.00,0.00
39,Taysom Hill,QB,29.097,2019-11-28,NFL,NOR,@,ATL,W 26-18,12,13,Thu,0,1,0.00,0,0,0,39.6,0,0,0.00,0.00
1,Emmanuel Sanders ,WR,32.266,2019-12-08,NFL,SFO,@,NOR,W 48-46,13,14,Sun,1,1,100.00,35,1,0,158.3,0,0,35.00,55.00
2,Philip Rivers,QB,38.000,2019-12-08,NFL,LAC,@,JAX,W 45-10,13,14,Sun,16,22,72.73,314,3,0,154.4,1,10,14.27,17.00
3,Ryan Tannehill,QB,31.134,2019-12-08,NFL,TEN,@,OAK,W 42-21,13,14,Sun,21,27,77.78,391,3,1,140.4,0,0,14.48,15.04
4,Drew Brees,QB,40.327,2019-12-08,NFL,NOR,,SFO,L 46-48,13,14,Sun,29,40,72.50,349,5,0,138.4,0,0,8.73,11.23
5,Drew Lock,QB,23.028,2019-12-08,NFL,DEN,@,HOU,W 38-24,13,14,Sun,22,27,81.48,309,3,1,136.0,1,8,11.44,12.00
6,Jimmy Garoppolo,QB,28.036,2019-12-08,NFL,SFO,@,NOR,W 48-46,13,14,Sun,26,35,74.29,349,4,1,131.7,3,30,9.97,10.97
7,Alex Erickson ,WR,27.032,2019-12-08,NFL,CIN,@,CLE,L 19-27,13,14,Sun,1,1,100.00,26,0,0,118.7,0,0,26.00,26.00
8,James White ,RB,27.308,2019-12-08,NFL,NWE,,KAN,L 16-23,13,14,Sun,1,1,100.00,35,0,0,118.7,0,0,35.00,35.00
9,Devlin Hodges ,QB,23.240,2019-12-08,NFL,PIT,@,ARI,W 23-17,13,14,Sun,16,19,84.21,152,1,0,117.5,3,17,8.00,9.05
10,Mitchell Trubisky ,QB,25.107,2019-12-05,NFL,CHI,,DAL,W 31-24,13,14,Thu,23,31,74.19,244,3,1,115.5,2,13,7.87,8.35
11,Derek Carr,QB,28.255,2019-12-08,NFL,OAK,,TEN,L 21-42,13,14,Sun,25,34,73.53,262,2,0,115.1,2,4,7.71,8.88
12,Tyrod Taylor ,QB,30.127,2019-12-08,NFL,LAC,@,JAX,W 45-10,13,14,Sun,3,5,60.00,26,1,0,113.3,0,0,5.20,9.20
13,Kirk Cousins ,QB,31.111,2019-12-08,NFL,MIN,,DET,W 20-7,13,14,Sun,24,30,80.00,242,1,0,111.4,1,8,8.07,8.73
14,Matt Ryan,QB,34.205,2019-12-08,NFL,ATL,,CAR,W 40-20,13,14,Sun,20,34,58.82,313,2,0,109.1,1,11,9.21,10.38
15,Jameis Winston,QB,25.336,2019-12-08,NFL,TAM,,IND,W 38-35,13,14,Sun,33,45,73.33,456,4,3,107.3,1,7,10.13,8.91
16,Logan Cooke,P,24.133,2019-12-08,NFL,JAX,,LAC,L 10-45,13,14,Sun,1,1,100.00,9,0,0,104.2,0,0,9.00,9.00
17,Lamar Jackson,QB,22.335,2019-12-08,NFL,BAL,@,BUF,W 24-17,13,14,Sun,16,25,64.00,145,3,1,102.5,1,6,5.80,6.40
18,Carson Wentz ,QB,26.344,2019-12-09,NFL,PHI,,NYG,W 23-17,13,14,Mon,33,50,66.00,325,2,0,97.5,3,25,6.50,7.30
19,Aaron Rodgers ,QB,36.006,2019-12-08,NFL,GNB,,WAS,W 20-15,13,14,Sun,18,28,64.29,195,1,0,96.6,4,28,6.96,7.68
20,Jared Goff,QB,25.055,2019-12-08,NFL,LAR,,SEA,W 28-12,13,14,Sun,22,31,70.97,293,2,2,95.2,0,0,9.45,7.84
21,Eli Manning,QB,38.340,2019-12-09,NFL,NYG,@,PHI,L 17-23,13,14,Mon,15,30,50.00,203,2,0,94.2,2,21,6.77,8.10
22,Jacoby Brissett,QB,26.362,2019-12-08,NFL,IND,@,TAM,L 35-38,13,14,Sun,19,36,52.78,251,2,0,93.6,1,8,6.97,8.08
23,Sam Darnold ,QB,22.186,2019-12-08,NFL,NYJ,,MIA,W 22-21,13,14,Sun,20,36,55.56,270,2,1,86.6,1,8,7.50,7.36
24,Patrick Mahomes ,QB,24.082,2019-12-08,NFL,KAN,@,NWE,W 23-16,13,14,Sun,26,40,65.00,283,1,1,83.6,1,12,7.08,6.45
25,Gardner Minshew II,QB,23.206,2019-12-08,NFL,JAX,,LAC,L 10-45,13,14,Sun,24,37,64.86,162,1,0,83.4,2,7,4.38,4.92
26,Dak Prescott ,QB,26.129,2019-12-05,NFL,DAL,@,CHI,L 24-31,13,14,Thu,27,49,55.10,334,1,0,83.2,2,8,6.82,7.22
27,Kyle Allen,QB,23.275,2019-12-08,NFL,CAR,@,ATL,L 20-40,13,14,Sun,28,41,68.29,293,1,2,76.6,5,48,7.15,5.44
28,Dwayne Haskins ,QB,22.219,2019-12-08,NFL,WAS,@,GNB,L 15-20,13,14,Sun,16,27,59.26,170,1,1,74.6,4,29,6.30,5.37
29,Russell Wilson ,QB,31.009,2019-12-08,NFL,SEA,@,LAR,L 12-28,13,14,Sun,22,36,61.11,245,0,1,69.8,5,43,6.81,5.56
30,Andy Dalton,QB,32.040,2019-12-08,NFL,CIN,@,CLE,L 19-27,13,14,Sun,22,38,57.89,262,0,1,68.1,2,16,6.89,5.71
31,Kyler Murray ,QB,22.123,2019-12-08,NFL,ARI,,PIT,L 17-23,13,14,Sun,20,30,66.67,194,2,3,67.2,5,29,6.47,3.30
32,Ryan Fitzpatrick,QB,37.014,2019-12-08,NFL,MIA,@,NYJ,L 21-22,13,14,Sun,21,37,56.76,245,0,1,65.7,2,5,6.62,5.41
33,Tom Brady ,QB,42.127,2019-12-08,NFL,NWE,,KAN,L 16-23,13,14,Sun,19,36,52.78,169,1,1,63.3,3,20,4.69,4.00
34,Deshaun Watson ,QB,24.085,2019-12-08,NFL,HOU,,DEN,L 24-38,13,14,Sun,28,50,56.00,292,1,2,63.1,3,12,5.84,4.44
35,Josh Allen ,QB,23.201,2019-12-08,NFL,BUF,,BAL,L 17-24,13,14,Sun,17,39,43.59,146,1,0,62.6,6,41,3.74,4.26
36,Ryan Griffin,QB,30.021,2019-12-08,NFL,TAM,,IND,W 38-35,13,14,Sun,2,4,50.00,18,0,0,62.5,0,0,4.50,4.50
37,David Blough,QB,24.130,2019-12-08,NFL,DET,@,MIN,L 7-20,13,14,Sun,24,40,60.00,205,1,2,60.9,5,44,5.13,3.38
38,Taysom Hill,QB,29.107,2019-12-08,NFL,NOR,,SFO,L 46-48,13,14,Sun,0,1,0.00,0,0,0,39.6,0,0,0.00,0.00
39,Cooper Kupp,WR,26.176,2019-12-08,NFL,LAR,,SEA,W 28-12,13,14,Sun,0,1,0.00,0,0,0,39.6,0,0,0.00,0.00
40,Baker Mayfield,QB,24.238,2019-12-08,NFL,CLE,,CIN,W 27-19,13,14,Sun,11,24,45.83,192,0,2,38.9,1,5,8.00,4.25
1,Drew Brees,QB,40.335,2019-12-16,NFL,NOR,,IND,W 34-7,14,15,Mon,29,30,96.67,307,4,0,148.9,0,0,10.23,12.90
2,Russell Wilson ,QB,31.016,2019-12-15,NFL,SEA,@,CAR,W 30-24,14,15,Sun,20,26,76.92,286,2,0,137.7,2,12,11.00,12.54
3,Lamar Jackson,QB,22.339,2019-12-12,NFL,BAL,,NYJ,W 42-21,14,15,Thu,15,23,65.22,212,5,0,134.4,1,0,9.22,13.57
4,Jameis Winston,QB,25.343,2019-12-15,NFL,TAM,@,DET,W 38-17,14,15,Sun,28,42,66.67,458,4,1,124.9,2,12,10.90,11.74
5,Dak Prescott ,QB,26.139,2019-12-15,NFL,DAL,,LAR,W 44-21,14,15,Sun,15,23,65.22,212,2,0,123.8,0,0,9.22,10.96
6,Dwayne Haskins ,QB,22.226,2019-12-15,NFL,WAS,,PHI,L 27-37,14,15,Sun,19,28,67.86,261,2,0,121.3,1,10,9.32,10.75
7,Patrick Mahomes ,QB,24.089,2019-12-15,NFL,KAN,,DEN,W 23-3,14,15,Sun,27,34,79.41,340,2,1,115.7,3,13,10.00,9.85
8,Carson Wentz ,QB,26.350,2019-12-15,NFL,PHI,@,WAS,W 37-27,14,15,Sun,30,43,69.77,266,3,0,109.3,2,8,6.19,7.58
9,Gardner Minshew II,QB,23.213,2019-12-15,NFL,JAX,@,OAK,W 20-16,14,15,Sun,17,29,58.62,201,2,0,102.8,2,16,6.93,8.31
10,Kyler Murray ,QB,22.130,2019-12-15,NFL,ARI,,CLE,W 38-24,14,15,Sun,19,25,76.00,219,1,1,98.6,0,0,8.76,7.76
11,Kirk Cousins ,QB,31.118,2019-12-15,NFL,MIN,@,LAC,W 39-10,14,15,Sun,19,25,76.00,207,1,1,96.6,0,0,8.28,7.28
12,Matt Ryan,QB,34.212,2019-12-15,NFL,ATL,@,SFO,W 29-22,14,15,Sun,25,39,64.10,210,2,0,95.0,2,9,5.38,6.41
13,Ryan Fitzpatrick,QB,37.021,2019-12-15,NFL,MIA,@,NYG,L 20-36,14,15,Sun,23,41,56.10,279,2,0,93.4,3,17,6.80,7.78
14,Derek Carr,QB,28.262,2019-12-15,NFL,OAK,,JAX,L 16-20,14,15,Sun,22,36,61.11,267,1,0,93.2,4,31,7.42,7.97
15,Ryan Tannehill,QB,31.141,2019-12-15,NFL,TEN,,HOU,L 21-24,14,15,Sun,22,36,61.11,279,2,1,92.2,2,10,7.75,7.61
16,Deshaun Watson ,QB,24.092,2019-12-15,NFL,HOU,@,TEN,W 24-21,14,15,Sun,19,27,70.37,243,2,2,92.1,1,9,9.00,7.15
17,Jimmy Garoppolo,QB,28.043,2019-12-15,NFL,SFO,,ATL,L 22-29,14,15,Sun,22,34,64.71,200,1,0,90.3,1,7,5.88,6.47
18,Baker Mayfield,QB,24.245,2019-12-15,NFL,CLE,@,ARI,L 24-38,14,15,Sun,30,43,69.77,247,2,1,90.0,1,6,5.74,5.63
19,Eli Manning,QB,38.346,2019-12-15,NFL,NYG,,MIA,W 36-20,14,15,Sun,20,28,71.43,283,2,3,87.9,1,10,10.11,6.71
20,Johnny Hekker,P,29.310,2019-12-15,NFL,LAR,@,DAL,L 21-44,14,15,Sun,1,1,100.00,5,0,0,87.5,0,0,5.00,5.00
21,Tom Brady ,QB,42.134,2019-12-15,NFL,NWE,@,CIN,W 34-13,14,15,Sun,15,29,51.72,128,2,0,86.6,2,12,4.41,5.79
22,Sam Darnold ,QB,22.190,2019-12-12,NFL,NYJ,@,BAL,L 21-42,14,15,Thu,18,32,56.25,218,2,1,85.2,1,11,6.81,6.66
23,Jared Goff,QB,25.062,2019-12-15,NFL,LAR,@,DAL,L 21-44,14,15,Sun,33,51,64.71,284,2,1,84.1,2,22,5.57,5.47
24,Alex Tanney,QB,32.034,2019-12-15,NFL,NYG,,MIA,W 36-20,14,15,Sun,1,1,100.00,1,0,0,79.2,0,0,1.00,1.00
25,Aaron Rodgers ,QB,36.013,2019-12-15,NFL,GNB,,CHI,W 21-13,14,15,Sun,16,33,48.48,203,1,0,78.2,1,11,6.15,6.76
26,Philip Rivers,QB,38.007,2019-12-15,NFL,LAC,,MIN,L 10-39,14,15,Sun,28,39,71.79,307,1,3,71.2,3,24,7.87,4.92
27,Jacoby Brissett,QB,27.005,2019-12-16,NFL,IND,@,NOR,L 7-34,14,15,Mon,18,34,52.94,165,0,0,66.4,1,6,4.85,4.85
28,Josh Allen ,QB,23.208,2019-12-15,NFL,BUF,@,PIT,W 17-10,14,15,Sun,13,25,52.00,139,1,1,65.2,1,8,5.56,4.56
29,Mitchell Trubisky ,QB,25.117,2019-12-15,NFL,CHI,@,GNB,L 13-21,14,15,Sun,29,53,54.72,334,1,2,64.5,3,15,6.30,4.98
30,Kyle Allen,QB,23.282,2019-12-15,NFL,CAR,,SEA,L 24-30,14,15,Sun,25,41,60.98,277,1,3,58.7,1,8,6.76,3.95
31,David Blough,QB,24.137,2019-12-15,NFL,DET,,TAM,L 17-38,14,15,Sun,24,43,55.81,260,0,2,54.4,2,10,6.05,3.95
32,Drew Lock,QB,23.035,2019-12-15,NFL,DEN,@,KAN,L 3-23,14,15,Sun,18,40,45.00,208,0,1,50.8,2,9,5.20,4.08
33,Devlin Hodges ,QB,23.247,2019-12-15,NFL,PIT,,BUF,L 10-17,14,15,Sun,23,38,60.53,202,1,4,43.9,4,24,5.32,1.11
34,Robert Griffin III,QB,29.303,2019-12-12,NFL,BAL,,NYJ,W 42-21,14,15,Thu,0,1,0.00,0,0,0,39.6,0,0,0.00,0.00
35,Brett Kern,P,33.301,2019-12-15,NFL,TEN,,HOU,L 21-24,14,15,Sun,0,1,0.00,0,0,0,39.6,0,0,0.00,0.00
36,Christian McCaffrey ,RB,23.191,2019-12-15,NFL,CAR,,SEA,L 24-30,14,15,Sun,0,1,0.00,0,0,0,39.6,0,0,0.00,0.00
37,Andy Dalton,QB,32.047,2019-12-15,NFL,CIN,,NWE,L 13-34,14,15,Sun,17,31,54.84,151,1,4,39.2,0,0,4.87,-0.29
38,Josh Gordon,WR,28.246,2019-12-15,NFL,SEA,@,CAR,W 30-24,14,15,Sun,0,1,0.00,0,0,1,0.0,0,0,0.00,-45.00
1,Dwayne Haskins ,QB,22.233,2019-12-22,NFL,WAS,,NYG,L 35-41,15,16,Sun,12,15,80.00,133,2,0,143.2,2,10,8.87,11.53
2,Ryan Tannehill,QB,31.148,2019-12-22,NFL,TEN,,NOR,L 28-38,15,16,Sun,17,27,62.96,272,3,0,133.6,5,24,10.07,12.30
3,Daniel Jones ,QB,22.209,2019-12-22,NFL,NYG,@,WAS,W 41-35,15,16,Sun,28,42,66.67,352,5,0,132.1,1,6,8.38,10.76
4,Lamar Jackson,QB,22.349,2019-12-22,NFL,BAL,@,CLE,W 31-15,15,16,Sun,20,31,64.52,238,3,0,120.1,0,0,7.68,9.61
5,Drew Brees,QB,40.341,2019-12-22,NFL,NOR,@,TEN,W 38-28,15,16,Sun,27,38,71.05,279,3,0,118.2,3,24,7.34,8.92
6,Derek Carr,QB,28.269,2019-12-22,NFL,OAK,@,LAC,W 24-17,15,16,Sun,26,30,86.67,291,1,0,118.2,3,24,9.70,10.37
7,Michael Palardy,P,27.169,2019-12-22,NFL,CAR,@,IND,L 6-38,15,16,Sun,1,1,100.00,12,0,0,116.7,0,0,12.00,12.00
8,Kelvin Harmon,WR,23.007,2019-12-22,NFL,WAS,,NYG,L 35-41,15,16,Sun,1,1,100.00,11,0,0,112.5,0,0,11.00,11.00
9,Patrick Mahomes ,QB,24.096,2019-12-22,NFL,KAN,@,CHI,W 26-3,15,16,Sun,23,33,69.70,251,2,0,112.1,1,7,7.61,8.82
10,Tom Brady ,QB,42.140,2019-12-21,NFL,NWE,,BUF,W 24-17,15,16,Sat,26,33,78.79,271,1,0,111.0,0,0,8.21,8.82
11,Carson Wentz ,QB,26.357,2019-12-22,NFL,PHI,,DAL,W 17-9,15,16,Sun,31,40,77.50,319,1,0,108.2,1,6,7.98,8.48
12,Case Keenum,QB,31.308,2019-12-22,NFL,WAS,,NYG,L 35-41,15,16,Sun,16,22,72.73,158,1,0,107.8,1,11,7.18,8.09
13,Andy Dalton,QB,32.054,2019-12-22,NFL,CIN,@,MIA,L 35-38,15,16,Sun,33,56,58.93,396,4,0,104.5,4,25,7.07,8.50
14,Mason Rudolph,QB,24.158,2019-12-22,NFL,PIT,@,NYJ,L 10-16,15,16,Sun,14,20,70.00,129,1,0,104.0,1,9,6.45,7.45
15,Ryan Fitzpatrick,QB,37.028,2019-12-22,NFL,MIA,,CIN,W 38-35,15,16,Sun,31,52,59.62,419,4,1,103.0,2,13,8.06,8.73
16,Josh Allen ,QB,23.214,2019-12-21,NFL,BUF,@,NWE,L 17-24,15,16,Sat,13,26,50.00,208,2,0,102.7,4,32,8.00,9.54
17,Drew Lock,QB,23.042,2019-12-22,NFL,DEN,,DET,W 27-17,15,16,Sun,25,33,75.76,192,1,0,99.6,0,0,5.82,6.42
18,Kyler Murray ,QB,22.137,2019-12-22,NFL,ARI,@,SEA,W 27-13,15,16,Sun,11,18,61.11,118,1,0,98.8,1,1,6.56,7.67
19,Logan Cooke,P,24.147,2019-12-22,NFL,JAX,@,ATL,L 12-24,15,16,Sun,1,1,100.00,7,0,0,95.8,0,0,7.00,7.00
20,Sam Darnold ,QB,22.200,2019-12-22,NFL,NYJ,,PIT,W 16-10,15,16,Sun,16,26,61.54,183,1,0,95.5,2,9,7.04,7.81
21,Andrew Beck,FB/TE,23.221,2019-12-22,NFL,DEN,,DET,W 27-17,15,16,Sun,1,1,100.00,6,0,0,91.7,0,0,6.00,6.00
22,Philip Rivers,QB,38.014,2019-12-22,NFL,LAC,,OAK,L 17-24,15,16,Sun,27,39,69.23,279,0,0,89.6,1,14,7.15,7.15
23,Matt Ryan,QB,34.219,2019-12-22,NFL,ATL,,JAX,W 24-12,15,16,Sun,32,45,71.11,384,1,2,85.8,1,1,8.53,6.98
24,Jared Goff,QB,25.068,2019-12-21,NFL,LAR,@,SFO,L 31-34,15,16,Sat,27,46,58.70,323,2,1,85.7,0,0,7.02,6.91
25,Taysom Hill,QB,29.121,2019-12-22,NFL,NOR,@,TEN,W 38-28,15,16,Sun,1,2,50.00,20,0,0,85.4,0,0,10.00,10.00
26,Baker Mayfield,QB,24.252,2019-12-22,NFL,CLE,,BAL,L 15-31,15,16,Sun,20,33,60.61,192,2,1,84.4,0,0,5.82,5.67
27,Russell Wilson ,QB,31.023,2019-12-22,NFL,SEA,,ARI,L 13-27,15,16,Sun,16,31,51.61,169,1,0,78.6,5,36,5.45,6.10
28,David Blough,QB,24.144,2019-12-22,NFL,DET,@,DEN,L 17-27,15,16,Sun,12,24,50.00,117,1,0,78.0,4,22,4.88,5.71
29,Dak Prescott ,QB,26.146,2019-12-22,NFL,DAL,@,PHI,L 9-17,15,16,Sun,25,44,56.82,265,0,0,74.5,2,8,6.02,6.02
30,Gardner Minshew II,QB,23.220,2019-12-22,NFL,JAX,@,ATL,L 12-24,15,16,Sun,13,31,41.94,181,1,0,72.1,3,15,5.84,6.48
31,Jimmy Garoppolo,QB,28.049,2019-12-21,NFL,SFO,,LAR,W 34-31,15,16,Sat,16,27,59.26,248,1,2,71.2,6,33,9.19,6.59
32,Aaron Rodgers ,QB,36.021,2019-12-23,NFL,GNB,@,MIN,W 23-10,15,16,Mon,26,40,65.00,216,0,1,68.3,3,17,5.40,4.28
33,Mitchell Trubisky ,QB,25.124,2019-12-22,NFL,CHI,,KAN,L 3-26,15,16,Sun,18,34,52.94,157,0,0,65.4,3,24,4.62,4.62
34,Jacoby Brissett,QB,27.011,2019-12-22,NFL,IND,,CAR,W 38-6,15,16,Sun,14,27,51.85,119,0,0,63.7,3,13,4.41,4.41
35,Deshaun Watson ,QB,24.098,2019-12-21,NFL,HOU,@,TAM,W 23-20,15,16,Sat,19,32,59.38,184,0,1,62.5,5,23,5.75,4.34
36,Brett Hundley,QB,26.190,2019-12-22,NFL,ARI,@,SEA,W 27-13,15,16,Sun,4,9,44.44,49,0,0,61.8,1,7,5.44,5.44
37,Kirk Cousins ,QB,31.126,2019-12-23,NFL,MIN,,GNB,L 10-23,15,16,Mon,16,31,51.61,122,1,1,58.8,5,40,3.94,3.13
38,Jameis Winston,QB,25.349,2019-12-21,NFL,TAM,,HOU,L 20-23,15,16,Sat,25,48,52.08,335,1,4,46.8,3,6,6.98,3.65
39,Will Grier,QB,24.263,2019-12-22,NFL,CAR,@,IND,L 6-38,15,16,Sun,27,44,61.36,224,0,3,46.0,5,37,5.09,2.02
40,Stefon Diggs,WR,26.024,2019-12-23,NFL,MIN,,GNB,L 10-23,15,16,Mon,0,1,0.00,0,0,0,39.6,0,0,0.00,0.00
41,Devlin Hodges ,QB,23.254,2019-12-22,NFL,PIT,@,NYJ,L 10-16,15,16,Sun,11,17,64.71,84,0,2,37.0,3,19,4.94,-0.35
